CaseID,Activity,Timestamp
1000,A,2020-01-02 05:50:00
1000,E,2020-01-02 06:20:00
1000,C,2020-01-02 23:36:00
1001,A,2020-01-01 08:52:00
1001,B,2020-01-01 09:14:00
1001,C,2020-01-01 14:38:00
1002,A,2020-01-01 16:22:00
1002,B,2020-01-01 16:36:00
1002,D,2020-01-01 18:24:00
1002,C,2020-01-01 22:09:00
1003,B,2020-01-01 12:47:00
1003,D,2020-01-01 13:52:00
1003,A,2020-01-01 15:51:00
1004,A,2020-01-02 07:06:00
1004,B,2020-01-02 07:37:00
1004,D,2020-01-02 09:22:00
1005,B,2020-01-02 04:12:00
1005,D,2020-01-02 05:17:00
1005,A,2020-01-02 07:17:00
1005,C,2020-01-02 11:35:00
1006,A,2020-01-01 09:06:00
1006,E,2020-01-01 09:36:00
1006,C,2020-01-02 13:25:00
1007,A,2020-01-01 11:12:00
1007,B,2020-01-01 11:41:00
1007,C,2020-01-01 17:06:00
1008,E,2020-01-01 15:58:00
1008,C,2020-01-03 07:07:00
1008,A,2020-01-04 00:10:00
1009,A,2020-01-02 03:10:00
1009,E,2020-01-02 03:41:00
1009,C,2020-01-03 03:15:00
1009,A,2020-01-03 20:05:00
1010,B,2020-01-02 06:13:00
1010,D,2020-01-02 07:16:00
1010,A,2020-01-02 09:17:00
1010,C,2020-01-02 12:54:00
1011,B,2020-01-01 15:33:00
1011,C,2020-01-01 21:50:00
1012,B,2020-01-02 04:07:00
1012,C,2020-01-02 10:25:00
1013,B,2020-01-01 08:15:00
1013,D,2020-01-01 09:19:00
1013,A,2020-01-01 11:18:00
1013,C,2020-01-01 14:48:00
1014,E,2020-01-02 07:50:00
1014,C,2020-01-02 19:34:00
1014,A,2020-01-03 12:32:00
1015,B,2020-01-01 19:38:00
1015,C,2020-01-02 01:54:00
1016,A,2020-01-01 13:19:00
1016,B,2020-01-01 14:07:00
1016,C,2020-01-01 19:33:00
1017,A,2020-01-01 19:30:00
1017,B,2020-01-01 19:44:00
1017,D,2020-01-01 21:31:00
1018,E,2020-01-01 11:10:00
1018,C,2020-01-02 04:29:00
1018,A,2020-01-02 21:33:00
1019,B,2020-01-01 11:21:00
1019,C,2020-01-01 17:38:00
1020,B,2020-01-01 19:47:00
1020,C,2020-01-02 02:04:00
1021,E,2020-01-01 09:29:00
1021,C,2020-01-01 20:25:00
1021,A,2020-01-02 13:23:00
1022,A,2020-01-02 02:19:00
1022,B,2020-01-02 02:42:00
1022,D,2020-01-02 04:27:00
1023,A,2020-01-01 20:56:00
1023,B,2020-01-01 21:27:00
1023,D,2020-01-01 23:15:00
1024,A,2020-01-02 02:51:00
1024,B,2020-01-02 03:01:00
1024,C,2020-01-02 08:24:00
1025,B,2020-01-02 05:30:00
1025,D,2020-01-02 06:35:00
1025,A,2020-01-02 08:36:00
1025,C,2020-01-02 12:10:00
1026,B,2020-01-02 03:45:00
1026,D,2020-01-02 04:50:00
1026,A,2020-01-02 06:49:00
1026,C,2020-01-02 10:12:00
1027,A,2020-01-01 10:23:00
1027,B,2020-01-01 10:34:00
1027,D,2020-01-01 12:21:00
1028,B,2020-01-02 06:36:00
1028,C,2020-01-02 12:54:00
1029,A,2020-01-01 17:53:00
1029,B,2020-01-01 18:11:00
1029,D,2020-01-01 19:58:00
1030,A,2020-01-01 15:57:00
1030,B,2020-01-01 16:07:00
1030,C,2020-01-01 21:33:00
1031,B,2020-01-01 21:00:00
1031,D,2020-01-01 22:06:00
1031,A,2020-01-02 00:06:00
1031,C,2020-01-02 03:58:00
1032,B,2020-01-01 23:29:00
1032,D,2020-01-02 00:34:00
1032,A,2020-01-02 02:34:00
1032,C,2020-01-02 06:28:00
1033,A,2020-01-01 13:34:00
1033,B,2020-01-01 13:57:00
1033,C,2020-01-01 19:21:00
1034,B,2020-01-01 20:10:00
1034,D,2020-01-01 21:14:00
1034,A,2020-01-01 23:14:00
1034,C,2020-01-02 03:15:00
1035,B,2020-01-02 06:53:00
1035,D,2020-01-02 07:56:00
1035,A,2020-01-02 09:54:00
1035,C,2020-01-02 13:31:00
1036,A,2020-01-02 07:58:00
1036,B,2020-01-02 08:30:00
1036,C,2020-01-02 13:56:00
1037,A,2020-01-02 04:48:00
1037,B,2020-01-02 05:30:00
1037,C,2020-01-02 10:54:00
1038,E,2020-01-02 02:16:00
1038,C,2020-01-02 15:34:00
1038,A,2020-01-03 08:30:00
1039,B,2020-01-01 13:36:00
1039,D,2020-01-01 14:40:00
1039,A,2020-01-01 16:40:00
1039,C,2020-01-01 20:35:00
1040,A,2020-01-01 20:58:00
1040,B,2020-01-01 21:16:00
1040,D,2020-01-01 23:03:00
1040,C,2020-01-02 03:11:00
1041,A,2020-01-02 05:51:00
1041,B,2020-01-02 06:18:00
1041,D,2020-01-02 08:04:00
1041,C,2020-01-02 11:42:00
1042,A,2020-01-02 07:23:00
1042,B,2020-01-02 07:31:00
1042,D,2020-01-02 09:17:00
1042,C,2020-01-02 12:59:00
1043,A,2020-01-01 09:55:00
1043,B,2020-01-01 10:24:00
1043,D,2020-01-01 12:12:00
1043,C,2020-01-01 15:35:00
1044,E,2020-01-01 09:06:00
1044,C,2020-01-02 23:00:00
1044,A,2020-01-03 16:01:00
1045,A,2020-01-01 21:42:00
1045,E,2020-01-01 22:13:00
1045,C,2020-01-02 16:16:00
1045,A,2020-01-03 09:16:00
1046,B,2020-01-01 10:18:00
1046,C,2020-01-01 16:36:00
1047,A,2020-01-02 03:22:00
1047,E,2020-01-02 03:50:00
1047,C,2020-01-02 07:15:00
1047,A,2020-01-03 00:20:00
1048,A,2020-01-01 15:16:00
1048,B,2020-01-01 15:17:00
1048,C,2020-01-01 20:43:00
1049,A,2020-01-01 21:31:00
1049,E,2020-01-01 22:00:00
1049,C,2020-01-02 19:57:00
1049,A,2020-01-03 12:56:00
1050,B,2020-01-01 12:55:00
1050,C,2020-01-01 19:12:00
1051,B,2020-01-01 12:46:00
1051,D,2020-01-01 13:52:00
1051,A,2020-01-01 15:51:00
1051,C,2020-01-01 19:14:00
1052,A,2020-01-02 03:10:00
1052,E,2020-01-02 03:40:00
1052,C,2020-01-03 06:24:00
1052,A,2020-01-03 23:32:00
1053,B,2020-01-02 03:58:00
1053,D,2020-01-02 05:04:00
1053,A,2020-01-02 07:04:00
1053,C,2020-01-02 10:50:00
1054,B,2020-01-02 03:56:00
1054,C,2020-01-02 10:13:00
1055,B,2020-01-01 20:23:00
1055,D,2020-01-01 21:28:00
1055,A,2020-01-01 23:27:00
1055,C,2020-01-02 03:07:00
1056,A,2020-01-01 12:44:00
1056,B,2020-01-01 13:10:00
1056,D,2020-01-01 14:57:00
1056,C,2020-01-01 19:01:00
1057,E,2020-01-01 11:07:00
1057,C,2020-01-01 23:54:00
1057,A,2020-01-02 16:48:00
1058,A,2020-01-01 11:45:00
1058,B,2020-01-01 12:11:00
1058,C,2020-01-01 17:37:00
1059,A,2020-01-02 05:26:00
1059,E,2020-01-02 05:56:00
1059,C,2020-01-02 06:48:00
1059,A,2020-01-02 23:49:00
1060,B,2020-01-02 07:16:00
1060,D,2020-01-02 08:22:00
1060,A,2020-01-02 10:18:00
1060,C,2020-01-02 14:01:00
1061,B,2020-01-02 04:23:00
1061,C,2020-01-02 10:42:00
1062,B,2020-01-01 21:09:00
1062,D,2020-01-01 22:13:00
1062,A,2020-01-02 00:13:00
1062,C,2020-01-02 04:02:00
1063,A,2020-01-02 04:21:00
1063,B,2020-01-02 04:22:00
1063,D,2020-01-02 06:09:00
1063,C,2020-01-02 09:59:00
1064,B,2020-01-02 02:05:00
1064,D,2020-01-02 03:09:00
1064,A,2020-01-02 05:10:00
1064,C,2020-01-02 08:39:00
1065,A,2020-01-02 02:54:00
1065,E,2020-01-02 03:23:00
1065,C,2020-01-04 08:49:00
1066,A,2020-01-02 07:14:00
1066,E,2020-01-02 07:42:00
1066,C,2020-01-02 12:38:00
1067,B,2020-01-02 07:17:00
1067,D,2020-01-02 08:20:00
1067,A,2020-01-02 10:18:00
1067,C,2020-01-02 13:50:00
1068,E,2020-01-02 05:53:00
1068,C,2020-01-02 19:44:00
1068,A,2020-01-03 12:42:00
1069,A,2020-01-01 11:49:00
1069,B,2020-01-01 12:15:00
1069,C,2020-01-01 17:39:00
1070,A,2020-01-01 22:51:00
1070,B,2020-01-01 22:54:00
1070,C,2020-01-02 04:18:00
1071,E,2020-01-01 23:30:00
1071,C,2020-01-03 22:32:00
1071,A,2020-01-04 15:37:00
1072,B,2020-01-01 17:04:00
1072,D,2020-01-01 18:10:00
1072,A,2020-01-01 20:11:00
1072,C,2020-01-02 00:21:00
1073,B,2020-01-02 01:20:00
1073,C,2020-01-02 07:38:00
1074,A,2020-01-02 05:21:00
1074,B,2020-01-02 05:38:00
1074,D,2020-01-02 07:25:00
1074,C,2020-01-02 11:13:00
1075,B,2020-01-02 05:51:00
1075,C,2020-01-02 12:09:00
1076,E,2020-01-01 13:14:00
1076,C,2020-01-01 16:45:00
1076,A,2020-01-02 09:51:00
1077,A,2020-01-01 13:31:00
1077,E,2020-01-01 13:59:00
1077,C,2020-01-03 05:16:00
1078,A,2020-01-02 04:27:00
1078,E,2020-01-02 04:55:00
1078,C,2020-01-04 16:11:00
1078,A,2020-01-05 09:10:00
1079,A,2020-01-02 00:41:00
1079,E,2020-01-02 01:11:00
1079,C,2020-01-03 03:22:00
1080,B,2020-01-01 11:53:00
1080,D,2020-01-01 12:57:00
1080,A,2020-01-01 14:56:00
1080,C,2020-01-01 18:50:00
1081,B,2020-01-01 18:30:00
1081,C,2020-01-02 00:47:00
1082,E,2020-01-01 10:01:00
1082,C,2020-01-03 14:28:00
1082,A,2020-01-04 07:23:00
1083,B,2020-01-02 03:23:00
1083,D,2020-01-02 04:26:00
1083,A,2020-01-02 06:26:00
1084,B,2020-01-01 10:58:00
1084,C,2020-01-01 17:16:00
1085,B,2020-01-01 10:23:00
1085,C,2020-01-01 16:41:00
1086,A,2020-01-01 12:23:00
1086,E,2020-01-01 12:52:00
1086,C,2020-01-02 11:05:00
1086,A,2020-01-03 04:03:00
1087,A,2020-01-02 02:46:00
1087,B,2020-01-02 03:18:00
1087,C,2020-01-02 08:43:00
1088,E,2020-01-01 17:04:00
1088,C,2020-01-02 16:59:00
1088,A,2020-01-03 09:56:00
1089,E,2020-01-01 15:14:00
1089,C,2020-01-04 03:28:00
1089,A,2020-01-04 20:30:00
1090,E,2020-01-01 18:39:00
1090,C,2020-01-03 10:59:00
1090,A,2020-01-04 03:59:00
1091,E,2020-01-02 06:56:00
1091,C,2020-01-03 01:36:00
1091,A,2020-01-03 18:42:00
1092,B,2020-01-01 22:58:00
1092,C,2020-01-02 05:14:00
1093,E,2020-01-01 12:09:00
1093,C,2020-01-01 15:36:00
1093,A,2020-01-02 08:36:00
1094,A,2020-01-01 15:41:00
1094,E,2020-01-01 16:10:00
1094,C,2020-01-03 01:37:00
1095,E,2020-01-01 19:33:00
1095,C,2020-01-02 20:43:00
1095,A,2020-01-03 13:45:00
1096,B,2020-01-02 04:07:00
1096,C,2020-01-02 10:26:00
1097,A,2020-01-02 04:06:00
1097,B,2020-01-02 04:20:00
1097,D,2020-01-02 06:07:00
1097,C,2020-01-02 10:10:00
1098,E,2020-01-01 08:15:00
1098,C,2020-01-01 19:59:00
1098,A,2020-01-02 12:59:00
1099,A,2020-01-02 05:33:00
1099,B,2020-01-02 05:56:00
1099,D,2020-01-02 07:43:00
1100,E,2020-01-01 15:50:00
1100,C,2020-01-02 11:15:00
1100,A,2020-01-03 04:16:00
1101,E,2020-01-01 09:05:00
1101,C,2020-01-01 20:15:00
1101,A,2020-01-02 13:17:00
1102,B,2020-01-01 10:27:00
1102,D,2020-01-01 11:32:00
1102,A,2020-01-01 13:31:00
1102,C,2020-01-01 17:33:00
1103,A,2020-01-01 17:31:00
1103,B,2020-01-01 17:59:00
1103,C,2020-01-01 23:24:00
1104,A,2020-01-01 15:19:00
1104,E,2020-01-01 15:48:00
1104,C,2020-01-01 22:35:00
1104,A,2020-01-02 15:42:00
1105,A,2020-01-02 03:30:00
1105,B,2020-01-02 03:55:00
1105,C,2020-01-02 09:20:00
1106,A,2020-01-01 16:18:00
1106,B,2020-01-01 16:32:00
1106,C,2020-01-01 21:58:00
1107,A,2020-01-01 21:54:00
1107,E,2020-01-01 22:24:00
1107,C,2020-01-02 09:02:00
1107,A,2020-01-03 02:06:00
1108,B,2020-01-01 11:15:00
1108,D,2020-01-01 12:20:00
1108,A,2020-01-01 14:19:00
1109,B,2020-01-02 06:34:00
1109,D,2020-01-02 07:38:00
1109,A,2020-01-02 09:39:00
1109,C,2020-01-02 13:31:00
1110,A,2020-01-01 20:06:00
1110,E,2020-01-01 20:35:00
1110,C,2020-01-03 11:17:00
1110,A,2020-01-04 04:22:00
1111,A,2020-01-01 22:02:00
1111,B,2020-01-01 22:15:00
1111,D,2020-01-02 00:02:00
1111,C,2020-01-02 03:55:00
1112,A,2020-01-01 09:51:00
1112,B,2020-01-01 10:08:00
1112,C,2020-01-01 15:35:00
1113,A,2020-01-01 10:05:00
1113,E,2020-01-01 10:36:00
1113,C,2020-01-01 22:56:00
1113,A,2020-01-02 15:55:00
1114,B,2020-01-01 19:36:00
1114,D,2020-01-01 20:42:00
1114,A,2020-01-01 22:43:00
1115,A,2020-01-01 16:30:00
1115,B,2020-01-01 16:51:00
1115,C,2020-01-01 22:14:00
1116,B,2020-01-01 14:32:00
1116,D,2020-01-01 15:37:00
1116,A,2020-01-01 17:37:00
1116,C,2020-01-01 21:16:00
1117,A,2020-01-01 12:48:00
1117,E,2020-01-01 13:15:00
1117,C,2020-01-01 19:59:00
1117,A,2020-01-02 13:03:00
1118,B,2020-01-01 14:19:00
1118,D,2020-01-01 15:23:00
1118,A,2020-01-01 17:24:00
1118,C,2020-01-01 21:14:00
1119,B,2020-01-01 23:49:00
1119,D,2020-01-02 00:54:00
1119,A,2020-01-02 02:52:00
1119,C,2020-01-02 06:09:00
1120,A,2020-01-01 10:35:00
1120,E,2020-01-01 11:04:00
1120,C,2020-01-03 02:02:00
1120,A,2020-01-03 19:01:00
1121,B,2020-01-02 02:48:00
1121,C,2020-01-02 09:07:00
1122,B,2020-01-01 09:44:00
1122,D,2020-01-01 10:48:00
1122,A,2020-01-01 12:48:00
1123,A,2020-01-01 11:12:00
1123,B,2020-01-01 11:13:00
1123,D,2020-01-01 12:58:00
1123,C,2020-01-01 16:56:00
1124,E,2020-01-01 13:41:00
1124,C,2020-01-02 05:41:00
1124,A,2020-01-02 22:43:00
1125,B,2020-01-02 00:36:00
1125,C,2020-01-02 06:53:00
1126,A,2020-01-01 15:18:00
1126,B,2020-01-01 15:34:00
1126,D,2020-01-01 17:20:00
1126,C,2020-01-01 21:17:00
1127,B,2020-01-01 10:01:00
1127,C,2020-01-01 16:18:00
1128,B,2020-01-01 20:58:00
1128,C,2020-01-02 03:15:00
1129,A,2020-01-01 21:20:00
1129,B,2020-01-01 21:32:00
1129,D,2020-01-01 23:19:00
1129,C,2020-01-02 03:05:00
1130,B,2020-01-01 23:33:00
1130,D,2020-01-02 00:38:00
1130,A,2020-01-02 02:37:00
1130,C,2020-01-02 06:17:00
1131,A,2020-01-01 22:27:00
1131,E,2020-01-01 22:57:00
1131,C,2020-01-02 13:44:00
1131,A,2020-01-03 06:46:00
1132,A,2020-01-01 13:18:00
1132,B,2020-01-01 13:49:00
1132,C,2020-01-01 19:14:00
1133,E,2020-01-01 18:08:00
1133,C,2020-01-02 16:28:00
1133,A,2020-01-03 09:28:00
1134,B,2020-01-01 10:02:00
1134,D,2020-01-01 11:07:00
1134,A,2020-01-01 13:06:00
1135,B,2020-01-01 18:44:00
1135,D,2020-01-01 19:48:00
1135,A,2020-01-01 21:47:00
1136,A,2020-01-01 09:43:00
1136,E,2020-01-01 10:14:00
1136,C,2020-01-03 07:09:00
1136,A,2020-01-04 00:10:00
1137,B,2020-01-02 01:11:00
1137,C,2020-01-02 07:30:00
1138,B,2020-01-01 09:59:00
1138,C,2020-01-01 16:18:00
1139,A,2020-01-01 14:21:00
1139,B,2020-01-01 14:37:00
1139,D,2020-01-01 16:23:00
1140,B,2020-01-02 04:19:00
1140,D,2020-01-02 05:24:00
1140,A,2020-01-02 07:23:00
1141,A,2020-01-02 07:03:00
1141,B,2020-01-02 07:12:00
1141,C,2020-01-02 12:36:00
1142,A,2020-01-01 21:47:00
1142,B,2020-01-01 21:58:00
1142,C,2020-01-02 03:22:00
1143,B,2020-01-02 03:27:00
1143,D,2020-01-02 04:31:00
1143,A,2020-01-02 06:29:00
1143,C,2020-01-02 10:22:00
1144,B,2020-01-02 03:46:00
1144,C,2020-01-02 10:05:00
1145,A,2020-01-02 05:09:00
1145,E,2020-01-02 05:39:00
1145,C,2020-01-04 17:07:00
1146,E,2020-01-01 22:19:00
1146,C,2020-01-02 00:46:00
1146,A,2020-01-02 17:48:00
1147,A,2020-01-01 16:55:00
1147,B,2020-01-01 17:07:00
1147,D,2020-01-01 18:55:00
1147,C,2020-01-01 22:52:00
1148,E,2020-01-02 06:52:00
1148,C,2020-01-02 21:34:00
1148,A,2020-01-03 14:41:00
1149,A,2020-01-01 16:09:00
1149,B,2020-01-01 16:25:00
1149,D,2020-01-01 18:11:00
1149,C,2020-01-01 22:17:00
1150,A,2020-01-01 21:31:00
1150,B,2020-01-01 21:49:00
1150,C,2020-01-02 03:11:00
1151,A,2020-01-02 06:56:00
1151,B,2020-01-02 07:23:00
1151,D,2020-01-02 09:09:00
1151,C,2020-01-02 13:32:00
1152,B,2020-01-01 23:37:00
1152,C,2020-01-02 05:54:00
1153,B,2020-01-01 10:31:00
1153,C,2020-01-01 16:48:00
1154,A,2020-01-01 23:40:00
1154,B,2020-01-02 00:06:00
1154,C,2020-01-02 05:32:00
1155,A,2020-01-01 10:31:00
1155,B,2020-01-01 11:00:00
1155,D,2020-01-01 12:45:00
1155,C,2020-01-01 16:37:00
1156,B,2020-01-02 01:17:00
1156,D,2020-01-02 02:22:00
1156,A,2020-01-02 04:21:00
1156,C,2020-01-02 07:56:00
1157,B,2020-01-01 12:33:00
1157,D,2020-01-01 13:36:00
1157,A,2020-01-01 15:37:00
1157,C,2020-01-01 19:33:00
1158,A,2020-01-01 10:21:00
1158,E,2020-01-01 10:51:00
1158,C,2020-01-01 15:28:00
1158,A,2020-01-02 08:28:00
1159,A,2020-01-01 20:37:00
1159,B,2020-01-01 21:14:00
1159,C,2020-01-02 02:37:00
1160,A,2020-01-01 13:24:00
1160,E,2020-01-01 13:55:00
1160,C,2020-01-02 03:06:00
1160,A,2020-01-02 20:07:00
1161,E,2020-01-02 02:33:00
1161,C,2020-01-02 02:51:00
1161,A,2020-01-02 19:53:00
1162,B,2020-01-02 04:53:00
1162,D,2020-01-02 05:56:00
1162,A,2020-01-02 07:56:00
1163,A,2020-01-02 06:48:00
1163,E,2020-01-02 07:18:00
1163,C,2020-01-02 14:08:00
1163,A,2020-01-03 07:18:00
1164,E,2020-01-02 06:39:00
1164,C,2020-01-03 06:41:00
1164,A,2020-01-03 23:47:00
1165,E,2020-01-01 12:36:00
1165,C,2020-01-01 13:37:00
1165,A,2020-01-02 06:41:00
1166,A,2020-01-01 11:57:00
1166,B,2020-01-01 12:11:00
1166,D,2020-01-01 13:58:00
1167,A,2020-01-02 02:54:00
1167,E,2020-01-02 03:24:00
1167,C,2020-01-02 07:26:00
1167,A,2020-01-03 00:27:00
1168,E,2020-01-01 17:19:00
1168,C,2020-01-02 05:27:00
1168,A,2020-01-02 22:33:00
1169,A,2020-01-02 04:39:00
1169,E,2020-01-02 05:07:00
1169,C,2020-01-04 13:17:00
1169,A,2020-01-05 06:23:00
1170,B,2020-01-01 19:43:00
1170,D,2020-01-01 20:48:00
1170,A,2020-01-01 22:47:00
1170,C,2020-01-02 03:00:00
1171,A,2020-01-02 07:28:00
1171,E,2020-01-02 07:58:00
1171,C,2020-01-04 05:55:00
1171,A,2020-01-04 22:58:00
1172,A,2020-01-02 01:16:00
1172,B,2020-01-02 01:36:00
1172,C,2020-01-02 07:01:00
1173,B,2020-01-01 16:36:00
1173,D,2020-01-01 17:41:00
1173,A,2020-01-01 19:39:00
1174,B,2020-01-01 11:11:00
1174,D,2020-01-01 12:17:00
1174,A,2020-01-01 14:17:00
1174,C,2020-01-01 17:57:00
1175,B,2020-01-01 17:27:00
1175,D,2020-01-01 18:32:00
1175,A,2020-01-01 20:32:00
1176,A,2020-01-01 08:08:00
1176,B,2020-01-01 08:25:00
1176,C,2020-01-01 13:51:00
1177,A,2020-01-01 12:28:00
1177,B,2020-01-01 12:50:00
1177,C,2020-01-01 18:13:00
1178,B,2020-01-01 13:32:00
1178,C,2020-01-01 19:49:00
1179,A,2020-01-02 02:50:00
1179,B,2020-01-02 03:06:00
1179,C,2020-01-02 08:31:00
1180,B,2020-01-02 03:10:00
1180,C,2020-01-02 09:29:00
1181,B,2020-01-01 11:52:00
1181,C,2020-01-01 18:08:00
1182,B,2020-01-02 07:36:00
1182,C,2020-01-02 13:53:00
1183,A,2020-01-02 02:38:00
1183,E,2020-01-02 03:07:00
1183,C,2020-01-03 06:42:00
1184,A,2020-01-01 20:37:00
1184,E,2020-01-01 21:05:00
1184,C,2020-01-02 02:24:00
1184,A,2020-01-02 19:26:00
1185,E,2020-01-01 22:41:00
1185,C,2020-01-03 03:21:00
1185,A,2020-01-03 20:16:00
1186,B,2020-01-01 09:26:00
1186,C,2020-01-01 15:42:00
1187,A,2020-01-01 20:27:00
1187,B,2020-01-01 20:56:00
1187,D,2020-01-01 22:42:00
1188,E,2020-01-01 20:13:00
1188,C,2020-01-02 04:37:00
1188,A,2020-01-02 21:33:00
1189,A,2020-01-02 07:17:00
1189,B,2020-01-02 07:42:00
1189,D,2020-01-02 09:28:00
1189,C,2020-01-02 13:18:00
1190,B,2020-01-02 06:46:00
1190,C,2020-01-02 13:03:00
1191,B,2020-01-01 20:06:00
1191,C,2020-01-02 02:22:00
1192,B,2020-01-02 05:13:00
1192,C,2020-01-02 11:30:00
1193,E,2020-01-01 16:05:00
1193,C,2020-01-03 06:04:00
1193,A,2020-01-03 23:07:00
1194,A,2020-01-01 14:03:00
1194,B,2020-01-01 14:14:00
1194,D,2020-01-01 16:02:00
1194,C,2020-01-01 20:01:00
1195,B,2020-01-01 08:52:00
1195,C,2020-01-01 15:12:00
1196,A,2020-01-01 19:21:00
1196,B,2020-01-01 19:39:00
1196,D,2020-01-01 21:25:00
1196,C,2020-01-02 01:12:00
1197,A,2020-01-02 06:52:00
1197,B,2020-01-02 07:17:00
1197,C,2020-01-02 12:41:00
1198,E,2020-01-01 17:08:00
1198,C,2020-01-02 10:29:00
1198,A,2020-01-03 03:30:00
1199,B,2020-01-02 07:57:00
1199,C,2020-01-02 14:14:00
1200,B,2020-01-01 21:04:00
1200,C,2020-01-02 03:21:00
1201,A,2020-01-02 00:04:00
1201,B,2020-01-02 00:36:00
1201,D,2020-01-02 02:21:00
1201,C,2020-01-02 05:54:00
1202,A,2020-01-01 14:49:00
1202,B,2020-01-01 15:07:00
1202,C,2020-01-01 20:30:00
1203,A,2020-01-01 19:57:00
1203,E,2020-01-01 20:27:00
1203,C,2020-01-03 06:25:00
1203,A,2020-01-03 23:24:00
1204,A,2020-01-01 15:47:00
1204,B,2020-01-01 16:04:00
1204,C,2020-01-01 21:30:00
1205,A,2020-01-01 08:49:00
1205,B,2020-01-01 09:16:00
1205,C,2020-01-01 14:42:00
1206,B,2020-01-01 21:38:00
1206,D,2020-01-01 22:43:00
1206,A,2020-01-02 00:41:00
1206,C,2020-01-02 04:22:00
1207,B,2020-01-01 17:34:00
1207,C,2020-01-01 23:53:00
1208,A,2020-01-01 17:32:00
1208,B,2020-01-01 17:53:00
1208,D,2020-01-01 19:42:00
1208,C,2020-01-01 23:30:00
1209,A,2020-01-02 05:54:00
1209,B,2020-01-02 06:06:00
1209,C,2020-01-02 11:29:00
1210,A,2020-01-02 07:12:00
1210,E,2020-01-02 07:41:00
1210,C,2020-01-03 13:43:00
1210,A,2020-01-04 06:41:00
1211,B,2020-01-01 08:57:00
1211,D,2020-01-01 10:01:00
1211,A,2020-01-01 12:01:00
1212,A,2020-01-01 16:55:00
1212,B,2020-01-01 17:17:00
1212,D,2020-01-01 19:04:00
1212,C,2020-01-01 22:47:00
1213,E,2020-01-02 03:52:00
1213,C,2020-01-02 05:21:00
1213,A,2020-01-02 22:20:00
1214,A,2020-01-01 09:19:00
1214,B,2020-01-01 09:49:00
1214,D,2020-01-01 11:35:00
1215,B,2020-01-02 04:25:00
1215,D,2020-01-02 05:29:00
1215,A,2020-01-02 07:27:00
1215,C,2020-01-02 11:16:00
1216,A,2020-01-01 19:48:00
1216,B,2020-01-01 20:03:00
1216,C,2020-01-02 01:26:00
1217,B,2020-01-01 22:55:00
1217,C,2020-01-02 05:13:00
1218,A,2020-01-01 21:09:00
1218,B,2020-01-01 21:45:00
1218,C,2020-01-02 03:10:00
1219,B,2020-01-01 16:42:00
1219,D,2020-01-01 17:46:00
1219,A,2020-01-01 19:44:00
1220,A,2020-01-01 22:54:00
1220,E,2020-01-01 23:23:00
1220,C,2020-01-02 17:20:00
1221,E,2020-01-02 01:46:00
1221,C,2020-01-03 09:20:00
1221,A,2020-01-04 02:24:00
1222,A,2020-01-01 20:26:00
1222,E,2020-01-01 20:57:00
1222,C,2020-01-03 01:25:00
1222,A,2020-01-03 18:28:00
1223,A,2020-01-01 10:24:00
1223,E,2020-01-01 10:54:00
1223,C,2020-01-01 14:03:00
1223,A,2020-01-02 07:02:00
1224,A,2020-01-02 05:17:00
1224,B,2020-01-02 05:32:00
1224,D,2020-01-02 07:19:00
1224,C,2020-01-02 10:55:00
1225,A,2020-01-02 06:39:00
1225,B,2020-01-02 07:02:00
1225,D,2020-01-02 08:50:00
1226,B,2020-01-01 18:16:00
1226,D,2020-01-01 19:20:00
1226,A,2020-01-01 21:20:00
1226,C,2020-01-02 01:17:00
1227,A,2020-01-02 06:46:00
1227,B,2020-01-02 07:08:00
1227,C,2020-01-02 12:32:00
1228,E,2020-01-01 19:10:00
1228,C,2020-01-02 02:00:00
1228,A,2020-01-02 18:57:00
1229,E,2020-01-02 07:48:00
1229,C,2020-01-02 20:51:00
1229,A,2020-01-03 13:57:00
1230,A,2020-01-02 02:56:00
1230,B,2020-01-02 03:06:00
1230,D,2020-01-02 04:52:00
1230,C,2020-01-02 08:38:00
1231,B,2020-01-01 14:36:00
1231,D,2020-01-01 15:40:00
1231,A,2020-01-01 17:39:00
1231,C,2020-01-01 21:34:00
1232,A,2020-01-02 06:42:00
1232,B,2020-01-02 06:54:00
1232,D,2020-01-02 08:40:00
1232,C,2020-01-02 12:25:00
1233,A,2020-01-02 07:08:00
1233,E,2020-01-02 07:39:00
1233,C,2020-01-04 12:43:00
1233,A,2020-01-05 05:49:00
1234,A,2020-01-02 05:01:00
1234,B,2020-01-02 05:06:00
1234,C,2020-01-02 10:30:00
1235,B,2020-01-01 21:52:00
1235,D,2020-01-01 22:57:00
1235,A,2020-01-02 00:55:00
1236,A,2020-01-01 18:23:00
1236,B,2020-01-01 18:39:00
1236,C,2020-01-02 00:05:00
1237,A,2020-01-01 15:11:00
1237,E,2020-01-01 15:41:00
1237,C,2020-01-03 23:11:00
1237,A,2020-01-04 16:16:00
1238,B,2020-01-02 03:49:00
1238,C,2020-01-02 10:06:00
1239,A,2020-01-01 23:53:00
1239,B,2020-01-02 00:26:00
1239,D,2020-01-02 02:12:00
1239,C,2020-01-02 06:15:00
1240,A,2020-01-01 23:06:00
1240,B,2020-01-01 23:18:00
1240,D,2020-01-02 01:04:00
1240,C,2020-01-02 04:56:00
1241,A,2020-01-02 01:27:00
1241,B,2020-01-02 01:41:00
1241,D,2020-01-02 03:27:00
1241,C,2020-01-02 07:28:00
1242,A,2020-01-01 13:48:00
1242,B,2020-01-01 14:07:00
1242,D,2020-01-01 15:55:00
1243,A,2020-01-01 17:42:00
1243,E,2020-01-01 18:12:00
1243,C,2020-01-03 02:44:00
1243,A,2020-01-03 19:50:00
1244,A,2020-01-01 11:12:00
1244,B,2020-01-01 12:01:00
1244,C,2020-01-01 17:26:00
1245,A,2020-01-02 06:58:00
1245,B,2020-01-02 07:09:00
1245,D,2020-01-02 08:56:00
1245,C,2020-01-02 12:35:00
1246,A,2020-01-01 15:41:00
1246,B,2020-01-01 16:15:00
1246,C,2020-01-01 21:39:00
1247,A,2020-01-01 13:02:00
1247,B,2020-01-01 13:15:00
1247,C,2020-01-01 18:40:00
1248,B,2020-01-01 09:35:00
1248,C,2020-01-01 15:54:00
1249,B,2020-01-02 00:16:00
1249,D,2020-01-02 01:20:00
1249,A,2020-01-02 03:19:00
1250,A,2020-01-01 23:33:00
1250,E,2020-01-02 00:03:00
1250,C,2020-01-02 14:48:00
1250,A,2020-01-03 07:51:00
1251,A,2020-01-02 05:30:00
1251,E,2020-01-02 05:59:00
1251,C,2020-01-03 05:19:00
1251,A,2020-01-03 22:26:00
1252,B,2020-01-02 07:47:00
1252,C,2020-01-02 14:05:00
1253,B,2020-01-02 00:53:00
1253,C,2020-01-02 07:12:00
1254,A,2020-01-01 16:20:00
1254,E,2020-01-01 16:50:00
1254,C,2020-01-02 16:33:00
1254,A,2020-01-03 09:33:00
1255,B,2020-01-02 06:24:00
1255,C,2020-01-02 12:41:00
1256,A,2020-01-01 11:39:00
1256,E,2020-01-01 12:09:00
1256,C,2020-01-02 14:27:00
1256,A,2020-01-03 07:33:00
1257,A,2020-01-01 15:29:00
1257,B,2020-01-01 15:55:00
1257,D,2020-01-01 17:43:00
1257,C,2020-01-01 21:06:00
1258,A,2020-01-02 07:46:00
1258,B,2020-01-02 08:01:00
1258,D,2020-01-02 09:48:00
1258,C,2020-01-02 13:30:00
1259,A,2020-01-01 09:43:00
1259,B,2020-01-01 10:13:00
1259,D,2020-01-01 11:59:00
1259,C,2020-01-01 15:46:00
1260,B,2020-01-01 12:11:00
1260,C,2020-01-01 18:29:00
1261,E,2020-01-01 12:36:00
1261,C,2020-01-01 21:17:00
1261,A,2020-01-02 14:20:00
1262,E,2020-01-02 06:50:00
1262,C,2020-01-02 08:29:00
1262,A,2020-01-03 01:37:00
1263,A,2020-01-01 23:07:00
1263,E,2020-01-01 23:37:00
1263,C,2020-01-02 19:48:00
1263,A,2020-01-03 12:50:00
1264,A,2020-01-02 02:43:00
1264,B,2020-01-02 03:03:00
1264,D,2020-01-02 04:50:00
1264,C,2020-01-02 08:19:00
1265,E,2020-01-01 13:26:00
1265,C,2020-01-02 23:52:00
1265,A,2020-01-03 17:04:00
1266,E,2020-01-01 23:22:00
1266,C,2020-01-02 03:58:00
1266,A,2020-01-02 21:02:00
1267,A,2020-01-01 16:28:00
1267,E,2020-01-01 16:57:00
1267,C,2020-01-01 20:48:00
1267,A,2020-01-02 13:49:00
1268,A,2020-01-02 01:48:00
1268,B,2020-01-02 01:55:00
1268,D,2020-01-02 03:40:00
1268,C,2020-01-02 07:29:00
1269,A,2020-01-02 05:24:00
1269,B,2020-01-02 05:55:00
1269,C,2020-01-02 11:20:00
1270,A,2020-01-01 17:23:00
1270,B,2020-01-01 17:24:00
1270,C,2020-01-01 22:50:00
1271,B,2020-01-01 10:43:00
1271,C,2020-01-01 17:00:00
1272,B,2020-01-01 16:04:00
1272,C,2020-01-01 22:22:00
1273,A,2020-01-01 19:29:00
1273,B,2020-01-01 20:05:00
1273,C,2020-01-02 01:30:00
1274,A,2020-01-02 02:27:00
1274,E,2020-01-02 02:57:00
1274,C,2020-01-02 17:24:00
1275,A,2020-01-01 12:44:00
1275,E,2020-01-01 13:14:00
1275,C,2020-01-03 05:19:00
1275,A,2020-01-03 22:18:00
1276,A,2020-01-01 15:54:00
1276,B,2020-01-01 16:01:00
1276,D,2020-01-01 17:48:00
1276,C,2020-01-01 22:00:00
1277,E,2020-01-02 07:42:00
1277,C,2020-01-03 00:02:00
1277,A,2020-01-03 17:02:00
1278,E,2020-01-01 15:19:00
1278,C,2020-01-02 16:30:00
1278,A,2020-01-03 09:37:00
1279,A,2020-01-01 22:10:00
1279,B,2020-01-01 22:19:00
1279,D,2020-01-02 00:05:00
1279,C,2020-01-02 04:14:00
1280,A,2020-01-01 19:18:00
1280,E,2020-01-01 19:47:00
1280,C,2020-01-02 20:36:00
1280,A,2020-01-03 13:37:00
1281,E,2020-01-01 22:12:00
1281,C,2020-01-02 11:52:00
1281,A,2020-01-03 04:52:00
1282,A,2020-01-01 15:04:00
1282,B,2020-01-01 15:22:00
1282,C,2020-01-01 20:46:00
1283,A,2020-01-01 21:18:00
1283,E,2020-01-01 21:49:00
1283,C,2020-01-02 19:52:00
1284,A,2020-01-02 03:40:00
1284,B,2020-01-02 04:08:00
1284,C,2020-01-02 09:31:00
1285,A,2020-01-02 00:17:00
1285,B,2020-01-02 00:46:00
1285,C,2020-01-02 06:10:00
1286,B,2020-01-01 20:01:00
1286,C,2020-01-02 02:20:00
1287,A,2020-01-01 21:19:00
1287,E,2020-01-01 21:49:00
1287,C,2020-01-02 20:08:00
1287,A,2020-01-03 13:17:00
1288,A,2020-01-02 02:23:00
1288,B,2020-01-02 02:41:00
1288,D,2020-01-02 04:28:00
1288,C,2020-01-02 08:14:00
1289,B,2020-01-02 00:42:00
1289,C,2020-01-02 06:59:00
1290,A,2020-01-01 17:19:00
1290,B,2020-01-01 17:43:00
1290,D,2020-01-01 19:32:00
1290,C,2020-01-01 23:04:00
1291,A,2020-01-02 00:35:00
1291,E,2020-01-02 01:05:00
1291,C,2020-01-03 10:11:00
1292,A,2020-01-01 21:17:00
1292,B,2020-01-01 21:35:00
1292,D,2020-01-01 23:21:00
1292,C,2020-01-02 02:59:00
1293,A,2020-01-02 06:50:00
1293,B,2020-01-02 07:22:00
1293,C,2020-01-02 12:47:00
1294,A,2020-01-01 13:39:00
1294,B,2020-01-01 14:06:00
1294,D,2020-01-01 15:53:00
1294,C,2020-01-01 19:41:00
1295,E,2020-01-01 12:22:00
1295,C,2020-01-01 23:03:00
1295,A,2020-01-02 16:01:00
1296,B,2020-01-01 21:27:00
1296,C,2020-01-02 03:44:00
1297,A,2020-01-01 10:52:00
1297,B,2020-01-01 11:24:00
1297,C,2020-01-01 16:50:00
1298,A,2020-01-01 12:38:00
1298,E,2020-01-01 13:07:00
1298,C,2020-01-02 02:12:00
1298,A,2020-01-02 19:05:00
1299,A,2020-01-01 14:13:00
1299,E,2020-01-01 14:44:00
1299,C,2020-01-02 18:50:00
1300,A,2020-01-01 16:53:00
1300,B,2020-01-01 16:58:00
1300,C,2020-01-01 22:22:00
1301,A,2020-01-01 19:11:00
1301,B,2020-01-01 19:50:00
1301,D,2020-01-01 21:37:00
1301,C,2020-01-02 01:12:00
1302,A,2020-01-01 23:32:00
1302,B,2020-01-01 23:54:00
1302,D,2020-01-02 01:41:00
1302,C,2020-01-02 05:30:00
1303,B,2020-01-01 19:32:00
1303,C,2020-01-02 01:51:00
1304,A,2020-01-01 17:30:00
1304,B,2020-01-01 18:01:00
1304,C,2020-01-01 23:26:00
1305,E,2020-01-01 16:37:00
1305,C,2020-01-02 17:20:00
1305,A,2020-01-03 10:21:00
1306,E,2020-01-02 00:05:00
1306,C,2020-01-03 15:17:00
1306,A,2020-01-04 08:14:00
1307,A,2020-01-02 02:25:00
1307,B,2020-01-02 02:47:00
1307,C,2020-01-02 08:11:00
1308,E,2020-01-01 19:57:00
1308,C,2020-01-01 23:29:00
1308,A,2020-01-02 16:36:00
1309,B,2020-01-02 06:12:00
1309,D,2020-01-02 07:16:00
1309,A,2020-01-02 09:16:00
1310,B,2020-01-02 06:16:00
1310,D,2020-01-02 07:20:00
1310,A,2020-01-02 09:20:00
1311,B,2020-01-01 09:04:00
1311,C,2020-01-01 15:21:00
1312,E,2020-01-01 14:49:00
1312,C,2020-01-02 04:32:00
1312,A,2020-01-02 21:29:00
1313,E,2020-01-02 05:13:00
1313,C,2020-01-02 18:20:00
1313,A,2020-01-03 11:30:00
1314,A,2020-01-01 16:09:00
1314,B,2020-01-01 16:38:00
1314,D,2020-01-01 18:25:00
1314,C,2020-01-01 22:23:00
1315,E,2020-01-02 00:10:00
1315,C,2020-01-04 02:36:00
1315,A,2020-01-04 19:41:00
1316,B,2020-01-02 03:18:00
1316,D,2020-01-02 04:23:00
1316,A,2020-01-02 06:22:00
1316,C,2020-01-02 10:03:00
1317,B,2020-01-01 23:53:00
1317,D,2020-01-02 01:00:00
1317,A,2020-01-02 02:59:00
1317,C,2020-01-02 06:45:00
1318,B,2020-01-01 20:36:00
1318,D,2020-01-01 21:40:00
1318,A,2020-01-01 23:40:00
1318,C,2020-01-02 03:29:00
1319,B,2020-01-02 04:42:00
1319,D,2020-01-02 05:47:00
1319,A,2020-01-02 07:48:00
1320,A,2020-01-01 13:36:00
1320,B,2020-01-01 14:01:00
1320,C,2020-01-01 19:27:00
1321,B,2020-01-01 11:42:00
1321,D,2020-01-01 12:46:00
1321,A,2020-01-01 14:47:00
1322,B,2020-01-01 18:39:00
1322,D,2020-01-01 19:44:00
1322,A,2020-01-01 21:43:00
1322,C,2020-01-02 01:13:00
1323,E,2020-01-01 21:33:00
1323,C,2020-01-02 23:02:00
1323,A,2020-01-03 16:05:00
1324,E,2020-01-01 10:36:00
1324,C,2020-01-02 10:04:00
1324,A,2020-01-03 03:14:00
1325,A,2020-01-01 11:29:00
1325,E,2020-01-01 11:59:00
1325,C,2020-01-02 15:38:00
1325,A,2020-01-03 08:37:00
1326,E,2020-01-02 07:22:00
1326,C,2020-01-02 08:25:00
1326,A,2020-01-03 01:29:00
1327,A,2020-01-02 03:20:00
1327,B,2020-01-02 03:48:00
1327,D,2020-01-02 05:34:00
1328,A,2020-01-01 19:52:00
1328,E,2020-01-01 20:21:00
1328,C,2020-01-02 02:47:00
1328,A,2020-01-02 19:43:00
1329,A,2020-01-02 06:35:00
1329,B,2020-01-02 07:10:00
1329,D,2020-01-02 08:56:00
1329,C,2020-01-02 12:18:00
1330,B,2020-01-01 10:24:00
1330,D,2020-01-01 11:27:00
1330,A,2020-01-01 13:27:00
1330,C,2020-01-01 17:18:00
1331,B,2020-01-01 08:26:00
1331,C,2020-01-01 14:42:00
1332,E,2020-01-02 00:46:00
1332,C,2020-01-03 09:45:00
1332,A,2020-01-04 02:46:00
1333,A,2020-01-01 22:48:00
1333,E,2020-01-01 23:18:00
1333,C,2020-01-02 07:25:00
1333,A,2020-01-03 00:22:00
1334,E,2020-01-02 05:42:00
1334,C,2020-01-03 02:51:00
1334,A,2020-01-03 19:50:00
1335,A,2020-01-01 13:14:00
1335,B,2020-01-01 13:37:00
1335,D,2020-01-01 15:25:00
1335,C,2020-01-01 19:05:00
1336,A,2020-01-01 14:01:00
1336,E,2020-01-01 14:30:00
1336,C,2020-01-01 22:35:00
1336,A,2020-01-02 15:34:00
1337,A,2020-01-02 05:02:00
1337,B,2020-01-02 05:31:00
1337,C,2020-01-02 10:54:00
1338,A,2020-01-01 23:53:00
1338,B,2020-01-02 00:02:00
1338,C,2020-01-02 05:26:00
1339,E,2020-01-02 04:14:00
1339,C,2020-01-04 04:10:00
1339,A,2020-01-04 21:16:00
1340,A,2020-01-01 19:01:00
1340,B,2020-01-01 19:38:00
1340,D,2020-01-01 21:22:00
1340,C,2020-01-02 01:04:00
1341,A,2020-01-01 10:58:00
1341,E,2020-01-01 11:27:00
1341,C,2020-01-02 04:18:00
1341,A,2020-01-02 21:21:00
1342,E,2020-01-01 23:24:00
1342,C,2020-01-03 00:26:00
1342,A,2020-01-03 17:25:00
1343,A,2020-01-01 23:52:00
1343,E,2020-01-02 00:22:00
1343,C,2020-01-03 13:54:00
1343,A,2020-01-04 06:48:00
1344,B,2020-01-01 19:30:00
1344,C,2020-01-02 01:47:00
1345,A,2020-01-02 00:53:00
1345,E,2020-01-02 01:23:00
1345,C,2020-01-02 01:39:00
1345,A,2020-01-02 18:43:00
1346,A,2020-01-01 14:13:00
1346,B,2020-01-01 14:40:00
1346,C,2020-01-01 20:04:00
1347,A,2020-01-01 15:15:00
1347,B,2020-01-01 15:26:00
1347,C,2020-01-01 20:50:00
1348,E,2020-01-01 16:51:00
1348,C,2020-01-02 11:45:00
1348,A,2020-01-03 04:44:00
1349,A,2020-01-01 17:33:00
1349,B,2020-01-01 18:07:00
1349,D,2020-01-01 19:52:00
1349,C,2020-01-01 23:45:00
1350,E,2020-01-02 02:59:00
1350,C,2020-01-03 00:22:00
1350,A,2020-01-03 17:24:00
1351,E,2020-01-02 01:39:00
1351,C,2020-01-02 18:52:00
1351,A,2020-01-03 11:52:00
1352,B,2020-01-01 10:57:00
1352,D,2020-01-01 12:02:00
1352,A,2020-01-01 14:01:00
1352,C,2020-01-01 18:07:00
1353,A,2020-01-01 21:53:00
1353,B,2020-01-01 22:00:00
1353,D,2020-01-01 23:47:00
1353,C,2020-01-02 03:34:00
1354,A,2020-01-02 02:58:00
1354,B,2020-01-02 03:17:00
1354,C,2020-01-02 08:40:00
1355,A,2020-01-02 07:35:00
1355,B,2020-01-02 08:06:00
1355,C,2020-01-02 13:32:00
1356,E,2020-01-02 06:05:00
1356,C,2020-01-02 06:46:00
1356,A,2020-01-02 23:50:00
1357,A,2020-01-01 23:18:00
1357,B,2020-01-01 23:41:00
1357,C,2020-01-02 05:06:00
1358,E,2020-01-01 11:12:00
1358,C,2020-01-02 17:02:00
1358,A,2020-01-03 10:03:00
1359,E,2020-01-01 15:36:00
1359,C,2020-01-02 15:23:00
1359,A,2020-01-03 08:26:00
1360,A,2020-01-02 07:37:00
1360,B,2020-01-02 08:05:00
1360,C,2020-01-02 13:30:00
1361,A,2020-01-01 18:28:00
1361,B,2020-01-01 18:40:00
1361,D,2020-01-01 20:25:00
1361,C,2020-01-02 00:30:00
1362,B,2020-01-02 00:13:00
1362,C,2020-01-02 06:29:00
1363,E,2020-01-01 22:32:00
1363,C,2020-01-02 18:55:00
1363,A,2020-01-03 12:04:00
1364,E,2020-01-01 20:02:00
1364,C,2020-01-04 06:51:00
1364,A,2020-01-04 23:56:00
1365,E,2020-01-01 17:15:00
1365,C,2020-01-01 22:50:00
1365,A,2020-01-02 15:54:00
1366,A,2020-01-01 16:35:00
1366,B,2020-01-01 16:52:00
1366,C,2020-01-01 22:16:00
1367,B,2020-01-01 12:08:00
1367,C,2020-01-01 18:25:00
1368,A,2020-01-01 18:47:00
1368,B,2020-01-01 19:09:00
1368,D,2020-01-01 20:55:00
1369,A,2020-01-02 02:18:00
1369,B,2020-01-02 02:50:00
1369,C,2020-01-02 08:14:00
1370,A,2020-01-01 14:33:00
1370,B,2020-01-01 15:04:00
1370,D,2020-01-01 16:50:00
1370,C,2020-01-01 20:37:00
1371,A,2020-01-02 00:32:00
1371,B,2020-01-02 00:44:00
1371,C,2020-01-02 06:08:00
1372,B,2020-01-02 04:08:00
1372,C,2020-01-02 10:27:00
1373,A,2020-01-01 11:26:00
1373,B,2020-01-01 11:27:00
1373,C,2020-01-01 16:50:00
1374,A,2020-01-01 18:07:00
1374,B,2020-01-01 18:30:00
1374,D,2020-01-01 20:18:00
1374,C,2020-01-01 23:55:00
1375,E,2020-01-01 20:20:00
1375,C,2020-01-02 03:17:00
1375,A,2020-01-02 20:21:00
1376,A,2020-01-01 18:20:00
1376,E,2020-01-01 18:50:00
1376,C,2020-01-02 21:51:00
1377,A,2020-01-02 02:14:00
1377,E,2020-01-02 02:41:00
1377,C,2020-01-02 20:26:00
1377,A,2020-01-03 13:30:00
1378,A,2020-01-01 17:23:00
1378,B,2020-01-01 17:45:00
1378,C,2020-01-01 23:10:00
1379,B,2020-01-01 09:54:00
1379,C,2020-01-01 16:13:00
1380,A,2020-01-02 07:49:00
1380,B,2020-01-02 08:15:00
1380,D,2020-01-02 10:03:00
1380,C,2020-01-02 13:51:00
1381,E,2020-01-02 05:47:00
1381,C,2020-01-04 00:21:00
1381,A,2020-01-04 17:19:00
1382,B,2020-01-01 11:32:00
1382,D,2020-01-01 12:36:00
1382,A,2020-01-01 14:36:00
1383,A,2020-01-02 03:36:00
1383,B,2020-01-02 03:51:00
1383,C,2020-01-02 09:15:00
1384,A,2020-01-02 00:02:00
1384,B,2020-01-02 00:34:00
1384,C,2020-01-02 06:00:00
1385,A,2020-01-01 23:03:00
1385,B,2020-01-01 23:25:00
1385,D,2020-01-02 01:11:00
1385,C,2020-01-02 04:58:00
1386,B,2020-01-01 14:20:00
1386,D,2020-01-01 15:25:00
1386,A,2020-01-01 17:25:00
1387,E,2020-01-01 16:38:00
1387,C,2020-01-02 16:31:00
1387,A,2020-01-03 09:33:00
1388,A,2020-01-01 11:54:00
1388,B,2020-01-01 12:28:00
1388,D,2020-01-01 14:16:00
1389,A,2020-01-01 21:41:00
1389,B,2020-01-01 22:07:00
1389,C,2020-01-02 03:32:00
1390,B,2020-01-01 10:32:00
1390,D,2020-01-01 11:34:00
1390,A,2020-01-01 13:33:00
1391,E,2020-01-01 13:12:00
1391,C,2020-01-01 20:14:00
1391,A,2020-01-02 13:20:00
1392,B,2020-01-02 03:15:00
1392,D,2020-01-02 04:20:00
1392,A,2020-01-02 06:21:00
1392,C,2020-01-02 10:13:00
1393,B,2020-01-01 10:55:00
1393,C,2020-01-01 17:11:00
1394,A,2020-01-01 12:03:00
1394,B,2020-01-01 12:26:00
1394,D,2020-01-01 14:11:00
1394,C,2020-01-01 17:53:00
1395,A,2020-01-02 04:42:00
1395,B,2020-01-02 05:10:00
1395,D,2020-01-02 06:58:00
1395,C,2020-01-02 10:34:00
1396,B,2020-01-02 01:51:00
1396,D,2020-01-02 02:55:00
1396,A,2020-01-02 04:54:00
1396,C,2020-01-02 08:40:00
1397,B,2020-01-01 23:25:00
1397,D,2020-01-02 00:31:00
1397,A,2020-01-02 02:30:00
1397,C,2020-01-02 06:11:00
1398,A,2020-01-01 18:09:00
1398,E,2020-01-01 18:37:00
1398,C,2020-01-03 19:05:00
1398,A,2020-01-04 12:04:00
1399,A,2020-01-01 18:26:00
1399,E,2020-01-01 18:53:00
1399,C,2020-01-02 07:20:00
1400,B,2020-01-02 04:50:00
1400,D,2020-01-02 05:54:00
1400,A,2020-01-02 07:53:00
1401,A,2020-01-01 15:06:00
1401,E,2020-01-01 15:36:00
1401,C,2020-01-01 20:42:00
1401,A,2020-01-02 13:47:00
1402,E,2020-01-01 17:02:00
1402,C,2020-01-03 18:23:00
1402,A,2020-01-04 11:23:00
1403,E,2020-01-01 13:22:00
1403,C,2020-01-02 21:47:00
1403,A,2020-01-03 14:51:00
1404,A,2020-01-01 13:56:00
1404,B,2020-01-01 14:28:00
1404,D,2020-01-01 16:15:00
1405,E,2020-01-01 13:22:00
1405,C,2020-01-02 10:27:00
1405,A,2020-01-03 03:25:00
1406,A,2020-01-01 21:57:00
1406,E,2020-01-01 22:27:00
1406,C,2020-01-02 05:39:00
1406,A,2020-01-02 22:38:00
1407,B,2020-01-02 07:32:00
1407,D,2020-01-02 08:35:00
1407,A,2020-01-02 10:35:00
1407,C,2020-01-02 14:25:00
1408,A,2020-01-01 17:57:00
1408,B,2020-01-01 18:03:00
1408,D,2020-01-01 19:49:00
1409,E,2020-01-01 15:55:00
1409,C,2020-01-02 02:27:00
1409,A,2020-01-02 19:26:00
1410,A,2020-01-01 17:40:00
1410,B,2020-01-01 17:50:00
1410,D,2020-01-01 19:37:00
1410,C,2020-01-01 23:26:00
1411,E,2020-01-01 10:27:00
1411,C,2020-01-02 09:03:00
1411,A,2020-01-03 02:05:00
1412,E,2020-01-01 17:05:00
1412,C,2020-01-02 16:13:00
1412,A,2020-01-03 09:14:00
1413,B,2020-01-01 22:31:00
1413,D,2020-01-01 23:34:00
1413,A,2020-01-02 01:35:00
1414,B,2020-01-02 02:38:00
1414,D,2020-01-02 03:43:00
1414,A,2020-01-02 05:42:00
1414,C,2020-01-02 09:27:00
1415,A,2020-01-02 06:07:00
1415,B,2020-01-02 06:11:00
1415,D,2020-01-02 07:57:00
1415,C,2020-01-02 11:37:00
1416,A,2020-01-01 17:05:00
1416,B,2020-01-01 17:28:00
1416,D,2020-01-01 19:16:00
1416,C,2020-01-01 23:07:00
1417,B,2020-01-01 10:28:00
1417,C,2020-01-01 16:44:00
1418,A,2020-01-01 13:40:00
1418,B,2020-01-01 14:04:00
1418,D,2020-01-01 15:51:00
1418,C,2020-01-01 19:12:00
1419,A,2020-01-02 04:19:00
1419,B,2020-01-02 04:54:00
1419,C,2020-01-02 10:19:00
1420,A,2020-01-01 23:00:00
1420,E,2020-01-01 23:28:00
1420,C,2020-01-03 04:49:00
1421,E,2020-01-02 00:01:00
1421,C,2020-01-03 00:25:00
1421,A,2020-01-03 17:19:00
1422,B,2020-01-02 07:54:00
1422,C,2020-01-02 14:11:00
1423,A,2020-01-01 17:18:00
1423,B,2020-01-01 17:27:00
1423,C,2020-01-01 22:52:00
1424,A,2020-01-01 22:57:00
1424,E,2020-01-01 23:27:00
1424,C,2020-01-02 18:48:00
1425,E,2020-01-02 04:25:00
1425,C,2020-01-04 04:07:00
1425,A,2020-01-04 21:02:00
1426,B,2020-01-01 22:45:00
1426,C,2020-01-02 05:03:00
1427,B,2020-01-02 04:40:00
1427,C,2020-01-02 10:57:00
1428,A,2020-01-01 08:53:00
1428,B,2020-01-01 09:16:00
1428,C,2020-01-01 14:42:00
1429,B,2020-01-01 15:50:00
1429,D,2020-01-01 16:55:00
1429,A,2020-01-01 18:56:00
1430,B,2020-01-02 06:59:00
1430,C,2020-01-02 13:17:00
1431,A,2020-01-02 03:41:00
1431,B,2020-01-02 03:42:00
1431,D,2020-01-02 05:29:00
1432,A,2020-01-01 13:59:00
1432,B,2020-01-01 14:13:00
1432,D,2020-01-01 16:00:00
1432,C,2020-01-01 19:49:00
1433,E,2020-01-02 01:44:00
1433,C,2020-01-02 02:15:00
1433,A,2020-01-02 19:14:00
1434,A,2020-01-01 17:30:00
1434,B,2020-01-01 18:01:00
1434,D,2020-01-01 19:48:00
1434,C,2020-01-01 23:23:00
1435,A,2020-01-02 03:59:00
1435,B,2020-01-02 04:09:00
1435,C,2020-01-02 09:34:00
1436,A,2020-01-02 05:41:00
1436,B,2020-01-02 06:06:00
1436,C,2020-01-02 11:29:00
1437,A,2020-01-01 11:07:00
1437,E,2020-01-01 11:35:00
1437,C,2020-01-03 05:10:00
1437,A,2020-01-03 22:12:00
1438,A,2020-01-01 19:53:00
1438,B,2020-01-01 20:13:00
1438,C,2020-01-02 01:38:00
1439,A,2020-01-01 19:23:00
1439,E,2020-01-01 19:53:00
1439,C,2020-01-02 00:51:00
1439,A,2020-01-02 17:51:00
1440,A,2020-01-02 06:53:00
1440,B,2020-01-02 07:25:00
1440,C,2020-01-02 12:49:00
1441,A,2020-01-01 13:30:00
1441,E,2020-01-01 13:58:00
1441,C,2020-01-01 16:42:00
1441,A,2020-01-02 09:44:00
1442,A,2020-01-01 22:04:00
1442,E,2020-01-01 22:34:00
1442,C,2020-01-02 21:35:00
1442,A,2020-01-03 14:34:00
1443,B,2020-01-01 17:52:00
1443,C,2020-01-02 00:09:00
1444,B,2020-01-02 02:49:00
1444,D,2020-01-02 03:54:00
1444,A,2020-01-02 05:54:00
1445,A,2020-01-01 23:32:00
1445,E,2020-01-02 00:02:00
1445,C,2020-01-02 17:15:00
1446,A,2020-01-01 18:45:00
1446,E,2020-01-01 19:14:00
1446,C,2020-01-02 15:53:00
1446,A,2020-01-03 08:56:00
1447,A,2020-01-01 19:03:00
1447,B,2020-01-01 19:04:00
1447,D,2020-01-01 20:52:00
1448,A,2020-01-01 21:48:00
1448,B,2020-01-01 22:07:00
1448,D,2020-01-01 23:52:00
1449,A,2020-01-02 06:27:00
1449,B,2020-01-02 06:36:00
1449,C,2020-01-02 12:00:00
1450,A,2020-01-01 22:07:00
1450,B,2020-01-01 22:17:00
1450,C,2020-01-02 03:43:00
1451,A,2020-01-01 14:25:00
1451,E,2020-01-01 14:56:00
1451,C,2020-01-01 23:53:00
1451,A,2020-01-02 16:55:00
1452,A,2020-01-02 05:16:00
1452,E,2020-01-02 05:43:00
1452,C,2020-01-02 23:46:00
1452,A,2020-01-03 16:40:00
1453,E,2020-01-02 05:21:00
1453,C,2020-01-03 08:24:00
1453,A,2020-01-04 01:29:00
1454,A,2020-01-01 09:46:00
1454,B,2020-01-01 09:55:00
1454,D,2020-01-01 11:41:00
1454,C,2020-01-01 15:15:00
1455,A,2020-01-01 17:07:00
1455,E,2020-01-01 17:35:00
1455,C,2020-01-02 18:59:00
1455,A,2020-01-03 11:56:00
1456,A,2020-01-01 17:50:00
1456,E,2020-01-01 18:20:00
1456,C,2020-01-01 21:24:00
1456,A,2020-01-02 14:25:00
1457,B,2020-01-02 07:51:00
1457,D,2020-01-02 08:55:00
1457,A,2020-01-02 10:54:00
1457,C,2020-01-02 14:40:00
1458,B,2020-01-01 12:09:00
1458,D,2020-01-01 13:15:00
1458,A,2020-01-01 15:14:00
1459,B,2020-01-02 05:34:00
1459,C,2020-01-02 11:53:00
1460,B,2020-01-01 13:26:00
1460,C,2020-01-01 19:43:00
1461,B,2020-01-02 02:51:00
1461,D,2020-01-02 03:54:00
1461,A,2020-01-02 05:54:00
1462,A,2020-01-02 02:52:00
1462,E,2020-01-02 03:21:00
1462,C,2020-01-03 05:46:00
1462,A,2020-01-03 22:55:00
1463,B,2020-01-01 11:12:00
1463,C,2020-01-01 17:30:00
1464,A,2020-01-01 11:53:00
1464,B,2020-01-01 12:17:00
1464,C,2020-01-01 17:41:00
1465,A,2020-01-01 12:01:00
1465,B,2020-01-01 12:32:00
1465,C,2020-01-01 17:57:00
1466,E,2020-01-02 01:01:00
1466,C,2020-01-02 12:12:00
1466,A,2020-01-03 05:15:00
1467,E,2020-01-02 01:23:00
1467,C,2020-01-02 19:50:00
1467,A,2020-01-03 12:58:00
1468,B,2020-01-01 22:11:00
1468,D,2020-01-01 23:14:00
1468,A,2020-01-02 01:14:00
1468,C,2020-01-02 05:25:00
1469,A,2020-01-02 00:08:00
1469,B,2020-01-02 00:44:00
1469,C,2020-01-02 06:08:00
1470,A,2020-01-01 23:36:00
1470,B,2020-01-02 00:05:00
1470,C,2020-01-02 05:29:00
1471,B,2020-01-01 21:08:00
1471,C,2020-01-02 03:26:00
1472,E,2020-01-02 04:29:00
1472,C,2020-01-02 21:30:00
1472,A,2020-01-03 14:30:00
1473,B,2020-01-01 10:24:00
1473,D,2020-01-01 11:30:00
1473,A,2020-01-01 13:27:00
1473,C,2020-01-01 17:41:00
1474,A,2020-01-01 22:10:00
1474,B,2020-01-01 22:40:00
1474,C,2020-01-02 04:02:00
1475,A,2020-01-02 01:20:00
1475,B,2020-01-02 01:41:00
1475,D,2020-01-02 03:29:00
1475,C,2020-01-02 07:18:00
1476,A,2020-01-01 08:06:00
1476,B,2020-01-01 08:20:00
1476,C,2020-01-01 13:44:00
1477,A,2020-01-01 18:12:00
1477,B,2020-01-01 18:33:00
1477,C,2020-01-01 23:54:00
1478,A,2020-01-01 13:05:00
1478,E,2020-01-01 13:33:00
1478,C,2020-01-01 15:18:00
1478,A,2020-01-02 08:25:00
1479,A,2020-01-02 02:24:00
1479,E,2020-01-02 02:54:00
1479,C,2020-01-02 11:12:00
1479,A,2020-01-03 04:08:00
1480,A,2020-01-01 19:47:00
1480,B,2020-01-01 20:12:00
1480,D,2020-01-01 21:57:00
1480,C,2020-01-02 01:38:00
1481,B,2020-01-02 02:51:00
1481,C,2020-01-02 09:10:00
1482,A,2020-01-01 23:33:00
1482,B,2020-01-02 00:02:00
1482,C,2020-01-02 05:26:00
1483,A,2020-01-01 14:27:00
1483,B,2020-01-01 14:41:00
1483,C,2020-01-01 20:07:00
1484,A,2020-01-02 03:32:00
1484,B,2020-01-02 03:38:00
1484,C,2020-01-02 09:05:00
1485,E,2020-01-01 15:59:00
1485,C,2020-01-02 09:15:00
1485,A,2020-01-03 02:18:00
1486,E,2020-01-01 09:30:00
1486,C,2020-01-02 16:21:00
1486,A,2020-01-03 09:29:00
1487,E,2020-01-02 00:09:00
1487,C,2020-01-02 01:38:00
1487,A,2020-01-02 18:40:00
1488,B,2020-01-01 21:12:00
1488,C,2020-01-02 03:31:00
1489,B,2020-01-02 00:55:00
1489,C,2020-01-02 07:12:00
1490,B,2020-01-01 12:22:00
1490,D,2020-01-01 13:26:00
1490,A,2020-01-01 15:25:00
1490,C,2020-01-01 18:54:00
1491,B,2020-01-01 11:28:00
1491,C,2020-01-01 17:45:00
1492,E,2020-01-01 11:25:00
1492,C,2020-01-01 16:33:00
1492,A,2020-01-02 09:34:00
1493,E,2020-01-01 08:33:00
1493,C,2020-01-01 12:08:00
1493,A,2020-01-02 05:19:00
1494,E,2020-01-01 22:00:00
1494,C,2020-01-02 09:28:00
1494,A,2020-01-03 02:30:00
1495,B,2020-01-01 10:34:00
1495,D,2020-01-01 11:37:00
1495,A,2020-01-01 13:36:00
1495,C,2020-01-01 17:40:00
1496,E,2020-01-01 17:04:00
1496,C,2020-01-01 19:53:00
1496,A,2020-01-02 12:50:00
1497,A,2020-01-02 05:17:00
1497,E,2020-01-02 05:46:00
1497,C,2020-01-04 09:46:00
1497,A,2020-01-05 02:42:00
1498,E,2020-01-02 06:13:00
1498,C,2020-01-02 16:52:00
1498,A,2020-01-03 09:51:00
1499,B,2020-01-01 19:15:00
1499,C,2020-01-02 01:32:00
1500,E,2020-01-01 18:49:00
1500,C,2020-01-02 15:45:00
1500,A,2020-01-03 08:49:00
1501,A,2020-01-02 02:29:00
1501,B,2020-01-02 02:47:00
1501,D,2020-01-02 04:33:00
1502,B,2020-01-02 05:05:00
1502,C,2020-01-02 11:22:00
1503,A,2020-01-01 16:01:00
1503,B,2020-01-01 16:26:00
1503,D,2020-01-01 18:14:00
1503,C,2020-01-01 22:15:00
1504,B,2020-01-01 15:48:00
1504,C,2020-01-01 22:08:00
1505,A,2020-01-01 22:49:00
1505,B,2020-01-01 23:16:00
1505,C,2020-01-02 04:41:00
1506,A,2020-01-02 05:38:00
1506,E,2020-01-02 06:08:00
1506,C,2020-01-02 17:05:00
1507,A,2020-01-01 23:09:00
1507,B,2020-01-01 23:17:00
1507,D,2020-01-02 01:06:00
1507,C,2020-01-02 04:50:00
1508,A,2020-01-02 07:42:00
1508,B,2020-01-02 08:15:00
1508,D,2020-01-02 10:02:00
1508,C,2020-01-02 13:50:00
1509,B,2020-01-01 09:00:00
1509,D,2020-01-01 10:04:00
1509,A,2020-01-01 12:04:00
1510,E,2020-01-01 19:05:00
1510,C,2020-01-03 01:44:00
1510,A,2020-01-03 18:50:00
1511,A,2020-01-01 18:01:00
1511,B,2020-01-01 18:35:00
1511,C,2020-01-02 00:01:00
1512,B,2020-01-01 20:49:00
1512,D,2020-01-01 21:54:00
1512,A,2020-01-01 23:52:00
1512,C,2020-01-02 03:38:00
1513,A,2020-01-01 12:59:00
1513,E,2020-01-01 13:29:00
1513,C,2020-01-02 03:59:00
1513,A,2020-01-02 20:59:00
1514,A,2020-01-02 02:08:00
1514,B,2020-01-02 02:30:00
1514,D,2020-01-02 04:15:00
1514,C,2020-01-02 07:41:00
1515,A,2020-01-02 03:20:00
1515,B,2020-01-02 03:23:00
1515,C,2020-01-02 08:47:00
1516,A,2020-01-01 13:49:00
1516,B,2020-01-01 14:15:00
1516,D,2020-01-01 16:01:00
1516,C,2020-01-01 19:40:00
1517,A,2020-01-01 10:42:00
1517,B,2020-01-01 10:51:00
1517,C,2020-01-01 16:16:00
1518,A,2020-01-02 05:10:00
1518,B,2020-01-02 05:25:00
1518,C,2020-01-02 10:50:00
1519,B,2020-01-02 01:03:00
1519,C,2020-01-02 07:20:00
1520,B,2020-01-01 15:56:00
1520,C,2020-01-01 22:13:00
1521,A,2020-01-02 05:47:00
1521,E,2020-01-02 06:17:00
1521,C,2020-01-03 02:07:00
1521,A,2020-01-03 19:05:00
1522,B,2020-01-01 23:43:00
1522,C,2020-01-02 06:01:00
1523,B,2020-01-02 06:46:00
1523,D,2020-01-02 07:51:00
1523,A,2020-01-02 09:51:00
1524,E,2020-01-01 23:53:00
1524,C,2020-01-02 02:33:00
1524,A,2020-01-02 19:37:00
1525,E,2020-01-02 07:08:00
1525,C,2020-01-02 12:51:00
1525,A,2020-01-03 05:53:00
1526,B,2020-01-01 10:32:00
1526,D,2020-01-01 11:36:00
1526,A,2020-01-01 13:37:00
1526,C,2020-01-01 17:03:00
1527,A,2020-01-01 19:48:00
1527,B,2020-01-01 19:57:00
1527,C,2020-01-02 01:24:00
1528,B,2020-01-02 05:49:00
1528,D,2020-01-02 06:53:00
1528,A,2020-01-02 08:53:00
1528,C,2020-01-02 12:43:00
1529,A,2020-01-02 07:34:00
1529,B,2020-01-02 07:52:00
1529,C,2020-01-02 13:15:00
1530,B,2020-01-01 23:40:00
1530,D,2020-01-02 00:45:00
1530,A,2020-01-02 02:45:00
1530,C,2020-01-02 06:33:00
1531,B,2020-01-01 14:48:00
1531,D,2020-01-01 15:52:00
1531,A,2020-01-01 17:51:00
1531,C,2020-01-01 21:43:00
1532,A,2020-01-02 00:30:00
1532,E,2020-01-02 00:58:00
1532,C,2020-01-02 10:06:00
1533,A,2020-01-01 16:06:00
1533,E,2020-01-01 16:35:00
1533,C,2020-01-02 16:43:00
1533,A,2020-01-03 09:38:00
1534,B,2020-01-02 03:32:00
1534,D,2020-01-02 04:37:00
1534,A,2020-01-02 06:37:00
1534,C,2020-01-02 10:15:00
1535,A,2020-01-02 03:38:00
1535,B,2020-01-02 04:02:00
1535,C,2020-01-02 09:26:00
1536,A,2020-01-02 07:53:00
1536,B,2020-01-02 08:18:00
1536,D,2020-01-02 10:05:00
1536,C,2020-01-02 13:44:00
1537,A,2020-01-01 08:45:00
1537,E,2020-01-01 09:14:00
1537,C,2020-01-02 20:50:00
1537,A,2020-01-03 13:55:00
1538,A,2020-01-01 17:23:00
1538,B,2020-01-01 18:04:00
1538,D,2020-01-01 19:51:00
1539,B,2020-01-02 03:20:00
1539,D,2020-01-02 04:23:00
1539,A,2020-01-02 06:23:00
1540,E,2020-01-02 04:42:00
1540,C,2020-01-03 13:00:00
1540,A,2020-01-04 06:04:00
1541,A,2020-01-01 17:47:00
1541,B,2020-01-01 18:19:00
1541,C,2020-01-01 23:43:00
1542,A,2020-01-02 04:44:00
1542,B,2020-01-02 04:55:00
1542,C,2020-01-02 10:20:00
1543,A,2020-01-01 15:29:00
1543,B,2020-01-01 15:53:00
1543,C,2020-01-01 21:16:00
1544,A,2020-01-02 05:12:00
1544,B,2020-01-02 05:33:00
1544,D,2020-01-02 07:20:00
1544,C,2020-01-02 10:59:00
1545,A,2020-01-02 07:09:00
1545,B,2020-01-02 07:37:00
1545,D,2020-01-02 09:22:00
1545,C,2020-01-02 12:40:00
1546,E,2020-01-02 05:27:00
1546,C,2020-01-03 18:14:00
1546,A,2020-01-04 11:20:00
1547,B,2020-01-02 05:26:00
1547,C,2020-01-02 11:44:00
1548,A,2020-01-01 18:34:00
1548,B,2020-01-01 19:00:00
1548,C,2020-01-02 00:25:00
1549,B,2020-01-01 09:10:00
1549,C,2020-01-01 15:27:00
1550,B,2020-01-01 12:32:00
1550,D,2020-01-01 13:36:00
1550,A,2020-01-01 15:35:00
1551,B,2020-01-01 18:05:00
1551,C,2020-01-02 00:23:00
1552,A,2020-01-01 22:11:00
1552,B,2020-01-01 22:33:00
1552,D,2020-01-02 00:20:00
1552,C,2020-01-02 03:56:00
1553,B,2020-01-01 14:54:00
1553,D,2020-01-01 15:59:00
1553,A,2020-01-01 17:58:00
1553,C,2020-01-01 21:39:00
1554,A,2020-01-02 02:25:00
1554,B,2020-01-02 02:48:00
1554,C,2020-01-02 08:11:00
1555,E,2020-01-02 02:09:00
1555,C,2020-01-02 14:36:00
1555,A,2020-01-03 07:29:00
1556,E,2020-01-01 13:37:00
1556,C,2020-01-01 14:17:00
1556,A,2020-01-02 07:14:00
1557,A,2020-01-02 00:27:00
1557,E,2020-01-02 00:55:00
1557,C,2020-01-02 23:05:00
1557,A,2020-01-03 16:05:00
1558,E,2020-01-01 19:34:00
1558,C,2020-01-02 16:57:00
1558,A,2020-01-03 09:55:00
1559,A,2020-01-02 00:00:00
1559,E,2020-01-02 00:31:00
1559,C,2020-01-02 18:30:00
1560,B,2020-01-01 12:49:00
1560,D,2020-01-01 13:54:00
1560,A,2020-01-01 15:53:00
1560,C,2020-01-01 19:32:00
1561,A,2020-01-02 07:06:00
1561,E,2020-01-02 07:36:00
1561,C,2020-01-03 08:19:00
1561,A,2020-01-04 01:18:00
1562,A,2020-01-02 03:02:00
1562,E,2020-01-02 03:33:00
1562,C,2020-01-03 17:48:00
1562,A,2020-01-04 10:52:00
1563,A,2020-01-01 11:05:00
1563,B,2020-01-01 11:41:00
1563,D,2020-01-01 13:28:00
1563,C,2020-01-01 17:36:00
1564,A,2020-01-01 08:29:00
1564,B,2020-01-01 09:11:00
1564,C,2020-01-01 14:36:00
1565,A,2020-01-02 02:19:00
1565,B,2020-01-02 02:23:00
1565,C,2020-01-02 07:48:00
1566,B,2020-01-01 23:32:00
1566,C,2020-01-02 05:51:00
1567,A,2020-01-02 06:58:00
1567,B,2020-01-02 07:23:00
1567,D,2020-01-02 09:08:00
1567,C,2020-01-02 12:53:00
1568,B,2020-01-02 03:59:00
1568,C,2020-01-02 10:18:00
1569,B,2020-01-02 05:48:00
1569,C,2020-01-02 12:07:00
1570,B,2020-01-01 11:47:00
1570,C,2020-01-01 18:05:00
1571,A,2020-01-02 00:06:00
1571,E,2020-01-02 00:35:00
1571,C,2020-01-02 15:47:00
1572,E,2020-01-02 05:10:00
1572,C,2020-01-02 18:57:00
1572,A,2020-01-03 12:01:00
1573,A,2020-01-02 04:50:00
1573,B,2020-01-02 05:26:00
1573,D,2020-01-02 07:13:00
1573,C,2020-01-02 11:04:00
1574,A,2020-01-02 06:07:00
1574,E,2020-01-02 06:38:00
1574,C,2020-01-02 17:34:00
1575,B,2020-01-02 05:46:00
1575,C,2020-01-02 12:03:00
1576,E,2020-01-02 07:56:00
1576,C,2020-01-03 22:58:00
1576,A,2020-01-04 16:01:00
1577,E,2020-01-02 06:11:00
1577,C,2020-01-03 17:20:00
1577,A,2020-01-04 10:10:00
1578,E,2020-01-01 11:59:00
1578,C,2020-01-02 22:23:00
1578,A,2020-01-03 15:26:00
1579,A,2020-01-01 09:33:00
1579,B,2020-01-01 10:02:00
1579,D,2020-01-01 11:47:00
1580,B,2020-01-01 18:24:00
1580,D,2020-01-01 19:29:00
1580,A,2020-01-01 21:30:00
1580,C,2020-01-02 01:09:00
1581,A,2020-01-01 11:58:00
1581,B,2020-01-01 12:35:00
1581,C,2020-01-01 17:58:00
1582,E,2020-01-01 16:03:00
1582,C,2020-01-02 19:40:00
1582,A,2020-01-03 12:44:00
1583,A,2020-01-01 21:16:00
1583,B,2020-01-01 21:28:00
1583,C,2020-01-02 02:53:00
1584,A,2020-01-01 20:40:00
1584,E,2020-01-01 21:09:00
1584,C,2020-01-04 01:54:00
1584,A,2020-01-04 19:01:00
1585,B,2020-01-02 04:04:00
1585,D,2020-01-02 05:09:00
1585,A,2020-01-02 07:08:00
1585,C,2020-01-02 10:42:00
1586,E,2020-01-01 22:10:00
1586,C,2020-01-02 08:36:00
1586,A,2020-01-03 01:35:00
1587,B,2020-01-02 00:45:00
1587,D,2020-01-02 01:48:00
1587,A,2020-01-02 03:47:00
1587,C,2020-01-02 07:30:00
1588,E,2020-01-01 17:34:00
1588,C,2020-01-02 04:06:00
1588,A,2020-01-02 21:11:00
1589,A,2020-01-02 07:34:00
1589,B,2020-01-02 08:14:00
1589,D,2020-01-02 09:59:00
1589,C,2020-01-02 13:39:00
1590,E,2020-01-01 15:25:00
1590,C,2020-01-03 13:20:00
1590,A,2020-01-04 06:20:00
1591,B,2020-01-01 23:11:00
1591,C,2020-01-02 05:30:00
1592,A,2020-01-01 20:23:00
1592,E,2020-01-01 20:54:00
1592,C,2020-01-03 22:40:00
1593,B,2020-01-02 07:26:00
1593,C,2020-01-02 13:45:00
1594,B,2020-01-02 02:36:00
1594,D,2020-01-02 03:42:00
1594,A,2020-01-02 05:41:00
1594,C,2020-01-02 09:39:00
1595,B,2020-01-01 10:06:00
1595,D,2020-01-01 11:09:00
1595,A,2020-01-01 13:07:00
1595,C,2020-01-01 16:57:00
1596,A,2020-01-01 17:26:00
1596,B,2020-01-01 17:48:00
1596,D,2020-01-01 19:36:00
1596,C,2020-01-01 23:23:00
1597,A,2020-01-01 12:11:00
1597,B,2020-01-01 12:35:00
1597,C,2020-01-01 18:00:00
1598,A,2020-01-01 11:08:00
1598,B,2020-01-01 11:19:00
1598,C,2020-01-01 16:43:00
1599,A,2020-01-02 05:55:00
1599,B,2020-01-02 06:06:00
1599,D,2020-01-02 07:51:00
1600,A,2020-01-01 09:44:00
1600,B,2020-01-01 10:10:00
1600,D,2020-01-01 11:57:00
1600,C,2020-01-01 15:12:00
1601,A,2020-01-01 16:19:00
1601,B,2020-01-01 16:39:00
1601,C,2020-01-01 22:02:00
1602,A,2020-01-02 03:17:00
1602,B,2020-01-02 03:45:00
1602,C,2020-01-02 09:10:00
1603,A,2020-01-01 10:21:00
1603,B,2020-01-01 10:42:00
1603,C,2020-01-01 16:06:00
1604,E,2020-01-02 04:02:00
1604,C,2020-01-03 04:35:00
1604,A,2020-01-03 21:45:00
1605,A,2020-01-01 15:58:00
1605,E,2020-01-01 16:27:00
1605,C,2020-01-01 16:47:00
1605,A,2020-01-02 09:45:00
1606,E,2020-01-01 13:03:00
1606,C,2020-01-02 23:24:00
1606,A,2020-01-03 16:26:00
1607,B,2020-01-01 17:31:00
1607,C,2020-01-01 23:48:00
1608,B,2020-01-01 12:28:00
1608,D,2020-01-01 13:32:00
1608,A,2020-01-01 15:32:00
1608,C,2020-01-01 18:54:00
1609,E,2020-01-01 13:58:00
1609,C,2020-01-03 13:47:00
1609,A,2020-01-04 06:48:00
1610,B,2020-01-02 06:34:00
1610,D,2020-01-02 07:38:00
1610,A,2020-01-02 09:37:00
1611,A,2020-01-01 12:30:00
1611,E,2020-01-01 13:01:00
1611,C,2020-01-01 15:51:00
1612,E,2020-01-01 20:14:00
1612,C,2020-01-01 22:34:00
1612,A,2020-01-02 15:37:00
1613,A,2020-01-02 04:06:00
1613,B,2020-01-02 04:21:00
1613,C,2020-01-02 09:45:00
1614,A,2020-01-01 08:33:00
1614,B,2020-01-01 08:58:00
1614,C,2020-01-01 14:22:00
1615,A,2020-01-01 17:04:00
1615,B,2020-01-01 17:14:00
1615,D,2020-01-01 18:59:00
1616,A,2020-01-01 12:20:00
1616,B,2020-01-01 12:56:00
1616,D,2020-01-01 14:40:00
1616,C,2020-01-01 18:37:00
1617,A,2020-01-02 01:58:00
1617,B,2020-01-02 02:20:00
1617,D,2020-01-02 04:07:00
1618,B,2020-01-01 10:11:00
1618,C,2020-01-01 16:28:00
1619,A,2020-01-01 23:19:00
1619,E,2020-01-01 23:49:00
1619,C,2020-01-02 13:56:00
1619,A,2020-01-03 06:53:00
1620,B,2020-01-02 01:32:00
1620,C,2020-01-02 07:50:00
1621,B,2020-01-01 23:27:00
1621,D,2020-01-02 00:32:00
1621,A,2020-01-02 02:31:00
1621,C,2020-01-02 06:17:00
1622,B,2020-01-02 05:04:00
1622,D,2020-01-02 06:11:00
1622,A,2020-01-02 08:10:00
1623,A,2020-01-02 06:30:00
1623,B,2020-01-02 06:55:00
1623,C,2020-01-02 12:20:00
1624,A,2020-01-01 23:39:00
1624,B,2020-01-01 23:59:00
1624,C,2020-01-02 05:25:00
1625,A,2020-01-01 10:05:00
1625,B,2020-01-01 10:24:00
1625,C,2020-01-01 15:48:00
1626,A,2020-01-01 21:43:00
1626,E,2020-01-01 22:13:00
1626,C,2020-01-02 10:32:00
1626,A,2020-01-03 03:27:00
1627,A,2020-01-02 07:26:00
1627,E,2020-01-02 07:55:00
1627,C,2020-01-03 06:05:00
1628,A,2020-01-02 00:45:00
1628,B,2020-01-02 01:15:00
1628,D,2020-01-02 03:01:00
1628,C,2020-01-02 06:40:00
1629,A,2020-01-01 10:31:00
1629,B,2020-01-01 10:57:00
1629,C,2020-01-01 16:21:00
1630,B,2020-01-01 19:00:00
1630,D,2020-01-01 20:02:00
1630,A,2020-01-01 22:03:00
1630,C,2020-01-02 01:56:00
1631,E,2020-01-01 10:15:00
1631,C,2020-01-02 10:11:00
1631,A,2020-01-03 03:14:00
1632,A,2020-01-01 17:24:00
1632,B,2020-01-01 17:28:00
1632,C,2020-01-01 22:52:00
1633,E,2020-01-01 21:01:00
1633,C,2020-01-01 22:48:00
1633,A,2020-01-02 15:45:00
1634,E,2020-01-01 23:30:00
1634,C,2020-01-02 00:15:00
1634,A,2020-01-02 17:19:00
1635,A,2020-01-01 11:24:00
1635,B,2020-01-01 11:54:00
1635,C,2020-01-01 17:18:00
1636,B,2020-01-02 06:21:00
1636,C,2020-01-02 12:37:00
1637,E,2020-01-01 22:41:00
1637,C,2020-01-02 04:12:00
1637,A,2020-01-02 21:17:00
1638,E,2020-01-01 15:49:00
1638,C,2020-01-04 04:59:00
1638,A,2020-01-04 21:55:00
1639,A,2020-01-01 19:35:00
1639,B,2020-01-01 19:59:00
1639,D,2020-01-01 21:46:00
1639,C,2020-01-02 01:24:00
1640,A,2020-01-01 21:37:00
1640,B,2020-01-01 22:03:00
1640,D,2020-01-01 23:49:00
1640,C,2020-01-02 03:58:00
1641,A,2020-01-01 11:15:00
1641,E,2020-01-01 11:43:00
1641,C,2020-01-02 21:17:00
1641,A,2020-01-03 14:14:00
1642,A,2020-01-01 22:35:00
1642,B,2020-01-01 22:51:00
1642,D,2020-01-02 00:38:00
1642,C,2020-01-02 04:01:00
1643,E,2020-01-02 06:43:00
1643,C,2020-01-03 03:44:00
1643,A,2020-01-03 20:42:00
1644,B,2020-01-01 20:48:00
1644,D,2020-01-01 21:52:00
1644,A,2020-01-01 23:52:00
1644,C,2020-01-02 03:40:00
1645,B,2020-01-02 07:27:00
1645,D,2020-01-02 08:31:00
1645,A,2020-01-02 10:32:00
1645,C,2020-01-02 14:13:00
1646,E,2020-01-01 10:18:00
1646,C,2020-01-03 01:15:00
1646,A,2020-01-03 18:13:00
1647,B,2020-01-01 10:55:00
1647,C,2020-01-01 17:13:00
1648,E,2020-01-01 22:45:00
1648,C,2020-01-02 17:08:00
1648,A,2020-01-03 10:14:00
1649,B,2020-01-01 20:44:00
1649,D,2020-01-01 21:49:00
1649,A,2020-01-01 23:49:00
1649,C,2020-01-02 03:46:00
1650,A,2020-01-02 03:00:00
1650,B,2020-01-02 03:21:00
1650,D,2020-01-02 05:08:00
1651,A,2020-01-02 04:02:00
1651,B,2020-01-02 04:36:00
1651,D,2020-01-02 06:24:00
1651,C,2020-01-02 09:59:00
1652,E,2020-01-02 06:53:00
1652,C,2020-01-03 08:02:00
1652,A,2020-01-04 01:00:00
1653,B,2020-01-01 22:02:00
1653,C,2020-01-02 04:20:00
1654,A,2020-01-02 06:43:00
1654,B,2020-01-02 07:18:00
1654,C,2020-01-02 12:45:00
1655,B,2020-01-01 09:47:00
1655,D,2020-01-01 10:52:00
1655,A,2020-01-01 12:53:00
1655,C,2020-01-01 16:36:00
1656,B,2020-01-02 04:31:00
1656,D,2020-01-02 05:36:00
1656,A,2020-01-02 07:35:00
1656,C,2020-01-02 11:20:00
1657,A,2020-01-01 20:01:00
1657,B,2020-01-01 20:17:00
1657,C,2020-01-02 01:40:00
1658,E,2020-01-02 03:44:00
1658,C,2020-01-03 00:50:00
1658,A,2020-01-03 17:46:00
1659,B,2020-01-01 13:17:00
1659,D,2020-01-01 14:22:00
1659,A,2020-01-01 16:21:00
1659,C,2020-01-01 20:01:00
1660,A,2020-01-01 15:40:00
1660,B,2020-01-01 16:09:00
1660,D,2020-01-01 17:56:00
1661,B,2020-01-01 19:58:00
1661,C,2020-01-02 02:15:00
1662,A,2020-01-01 11:56:00
1662,E,2020-01-01 12:25:00
1662,C,2020-01-03 07:37:00
1662,A,2020-01-04 00:41:00
1663,A,2020-01-02 03:36:00
1663,E,2020-01-02 04:04:00
1663,C,2020-01-02 15:20:00
1663,A,2020-01-03 08:20:00
1664,A,2020-01-01 22:39:00
1664,E,2020-01-01 23:09:00
1664,C,2020-01-02 06:36:00
1665,A,2020-01-02 04:48:00
1665,B,2020-01-02 05:06:00
1665,D,2020-01-02 06:53:00
1665,C,2020-01-02 10:25:00
1666,B,2020-01-01 09:02:00
1666,D,2020-01-01 10:06:00
1666,A,2020-01-01 12:05:00
1666,C,2020-01-01 16:05:00
1667,B,2020-01-01 17:22:00
1667,D,2020-01-01 18:28:00
1667,A,2020-01-01 20:28:00
1667,C,2020-01-02 00:01:00
1668,A,2020-01-01 19:36:00
1668,B,2020-01-01 20:06:00
1668,C,2020-01-02 01:30:00
1669,A,2020-01-01 08:13:00
1669,B,2020-01-01 08:21:00
1669,C,2020-01-01 13:46:00
1670,B,2020-01-01 12:54:00
1670,C,2020-01-01 19:11:00
1671,A,2020-01-01 10:24:00
1671,B,2020-01-01 10:36:00
1671,D,2020-01-01 12:23:00
1671,C,2020-01-01 16:08:00
1672,B,2020-01-02 05:37:00
1672,C,2020-01-02 11:55:00
1673,A,2020-01-01 11:08:00
1673,B,2020-01-01 11:39:00
1673,D,2020-01-01 13:26:00
1673,C,2020-01-01 17:10:00
1674,B,2020-01-01 20:51:00
1674,D,2020-01-01 21:56:00
1674,A,2020-01-01 23:57:00
1674,C,2020-01-02 03:37:00
1675,E,2020-01-01 23:30:00
1675,C,2020-01-02 04:09:00
1675,A,2020-01-02 21:10:00
1676,A,2020-01-01 13:23:00
1676,B,2020-01-01 13:54:00
1676,C,2020-01-01 19:20:00
1677,B,2020-01-01 18:41:00
1677,D,2020-01-01 19:46:00
1677,A,2020-01-01 21:45:00
1677,C,2020-01-02 01:25:00
1678,A,2020-01-02 03:23:00
1678,B,2020-01-02 03:41:00
1678,D,2020-01-02 05:28:00
1679,B,2020-01-01 09:51:00
1679,D,2020-01-01 10:57:00
1679,A,2020-01-01 12:57:00
1679,C,2020-01-01 16:31:00
1680,E,2020-01-01 13:23:00
1680,C,2020-01-01 19:40:00
1680,A,2020-01-02 12:45:00
1681,A,2020-01-02 07:01:00
1681,E,2020-01-02 07:30:00
1681,C,2020-01-03 08:25:00
1682,A,2020-01-01 17:18:00
1682,B,2020-01-01 17:40:00
1682,C,2020-01-01 23:03:00
1683,B,2020-01-02 06:36:00
1683,C,2020-01-02 12:52:00
1684,A,2020-01-02 00:35:00
1684,E,2020-01-02 01:04:00
1684,C,2020-01-02 21:01:00
1684,A,2020-01-03 14:03:00
1685,B,2020-01-01 22:13:00
1685,D,2020-01-01 23:17:00
1685,A,2020-01-02 01:18:00
1685,C,2020-01-02 05:23:00
1686,B,2020-01-01 15:24:00
1686,C,2020-01-01 21:42:00
1687,A,2020-01-01 19:47:00
1687,B,2020-01-01 20:06:00
1687,D,2020-01-01 21:52:00
1687,C,2020-01-02 01:27:00
1688,A,2020-01-01 11:48:00
1688,B,2020-01-01 12:12:00
1688,D,2020-01-01 13:59:00
1688,C,2020-01-01 17:35:00
1689,E,2020-01-02 07:09:00
1689,C,2020-01-03 08:59:00
1689,A,2020-01-04 02:00:00
1690,B,2020-01-02 02:00:00
1690,D,2020-01-02 03:04:00
1690,A,2020-01-02 05:04:00
1690,C,2020-01-02 08:32:00
1691,A,2020-01-01 09:34:00
1691,B,2020-01-01 09:51:00
1691,D,2020-01-01 11:38:00
1691,C,2020-01-01 15:17:00
1692,A,2020-01-01 21:30:00
1692,B,2020-01-01 21:51:00
1692,D,2020-01-01 23:37:00
1693,B,2020-01-01 08:17:00
1693,C,2020-01-01 14:34:00
1694,A,2020-01-01 18:18:00
1694,E,2020-01-01 18:48:00
1694,C,2020-01-02 22:01:00
1694,A,2020-01-03 15:04:00
1695,A,2020-01-01 12:42:00
1695,E,2020-01-01 13:12:00
1695,C,2020-01-02 05:08:00
1695,A,2020-01-02 22:10:00
1696,B,2020-01-01 17:54:00
1696,D,2020-01-01 18:59:00
1696,A,2020-01-01 20:59:00
1696,C,2020-01-02 00:25:00
1697,B,2020-01-01 12:08:00
1697,C,2020-01-01 18:26:00
1698,A,2020-01-02 00:59:00
1698,E,2020-01-02 01:29:00
1698,C,2020-01-03 18:10:00
1698,A,2020-01-04 11:14:00
1699,A,2020-01-01 14:00:00
1699,B,2020-01-01 14:25:00
1699,D,2020-01-01 16:11:00
1699,C,2020-01-01 20:05:00
1700,B,2020-01-01 20:59:00
1700,D,2020-01-01 22:03:00
1700,A,2020-01-02 00:03:00
1700,C,2020-01-02 03:54:00
1701,A,2020-01-02 01:05:00
1701,B,2020-01-02 01:34:00
1701,D,2020-01-02 03:19:00
1701,C,2020-01-02 07:13:00
1702,A,2020-01-01 10:28:00
1702,B,2020-01-01 10:39:00
1702,C,2020-01-01 16:03:00
1703,A,2020-01-01 09:27:00
1703,B,2020-01-01 09:57:00
1703,D,2020-01-01 11:46:00
1703,C,2020-01-01 15:42:00
1704,A,2020-01-01 08:39:00
1704,E,2020-01-01 09:08:00
1704,C,2020-01-04 02:45:00
1704,A,2020-01-04 19:45:00
1705,E,2020-01-01 10:40:00
1705,C,2020-01-01 22:58:00
1705,A,2020-01-02 15:59:00
1706,B,2020-01-02 03:41:00
1706,C,2020-01-02 09:58:00
1707,B,2020-01-02 03:36:00
1707,D,2020-01-02 04:39:00
1707,A,2020-01-02 06:38:00
1707,C,2020-01-02 10:21:00
1708,B,2020-01-02 05:52:00
1708,C,2020-01-02 12:09:00
1709,A,2020-01-01 17:53:00
1709,B,2020-01-01 18:11:00
1709,D,2020-01-01 19:58:00
1710,E,2020-01-01 21:50:00
1710,C,2020-01-01 23:33:00
1710,A,2020-01-02 16:33:00
1711,A,2020-01-01 19:06:00
1711,B,2020-01-01 19:38:00
1711,D,2020-01-01 21:23:00
1711,C,2020-01-02 01:04:00
1712,A,2020-01-02 05:06:00
1712,E,2020-01-02 05:36:00
1712,C,2020-01-03 16:53:00
1712,A,2020-01-04 09:55:00
1713,A,2020-01-02 07:33:00
1713,B,2020-01-02 07:53:00
1713,D,2020-01-02 09:39:00
1713,C,2020-01-02 13:39:00
1714,B,2020-01-01 11:03:00
1714,D,2020-01-01 12:08:00
1714,A,2020-01-01 14:08:00
1714,C,2020-01-01 18:00:00
1715,A,2020-01-01 11:37:00
1715,E,2020-01-01 12:07:00
1715,C,2020-01-01 16:08:00
1715,A,2020-01-02 09:09:00
1716,B,2020-01-01 22:57:00
1716,C,2020-01-02 05:13:00
1717,A,2020-01-02 01:54:00
1717,B,2020-01-02 02:10:00
1717,C,2020-01-02 07:35:00
1718,E,2020-01-01 21:32:00
1718,C,2020-01-02 09:06:00
1718,A,2020-01-03 02:05:00
1719,E,2020-01-01 19:37:00
1719,C,2020-01-02 14:14:00
1719,A,2020-01-03 07:20:00
1720,E,2020-01-01 19:23:00
1720,C,2020-01-02 10:01:00
1720,A,2020-01-03 03:06:00
1721,A,2020-01-01 10:37:00
1721,B,2020-01-01 10:55:00
1721,C,2020-01-01 16:18:00
1722,B,2020-01-02 02:07:00
1722,D,2020-01-02 03:12:00
1722,A,2020-01-02 05:11:00
1722,C,2020-01-02 08:55:00
1723,A,2020-01-01 19:56:00
1723,E,2020-01-01 20:24:00
1723,C,2020-01-02 06:46:00
1723,A,2020-01-02 23:43:00
1724,A,2020-01-02 06:02:00
1724,B,2020-01-02 06:14:00
1724,D,2020-01-02 07:59:00
1724,C,2020-01-02 11:41:00
1725,E,2020-01-01 16:05:00
1725,C,2020-01-02 12:11:00
1725,A,2020-01-03 05:09:00
1726,A,2020-01-01 13:00:00
1726,E,2020-01-01 13:29:00
1726,C,2020-01-02 16:38:00
1726,A,2020-01-03 09:39:00
1727,B,2020-01-01 14:46:00
1727,D,2020-01-01 15:50:00
1727,A,2020-01-01 17:50:00
1727,C,2020-01-01 21:19:00
1728,B,2020-01-02 04:37:00
1728,D,2020-01-02 05:43:00
1728,A,2020-01-02 07:44:00
1728,C,2020-01-02 11:36:00
1729,A,2020-01-02 06:23:00
1729,B,2020-01-02 06:56:00
1729,D,2020-01-02 08:43:00
1730,B,2020-01-01 14:03:00
1730,D,2020-01-01 15:09:00
1730,A,2020-01-01 17:09:00
1730,C,2020-01-01 20:50:00
1731,A,2020-01-01 23:51:00
1731,B,2020-01-02 00:17:00
1731,C,2020-01-02 05:43:00
1732,E,2020-01-02 07:15:00
1732,C,2020-01-03 03:28:00
1732,A,2020-01-03 20:31:00
1733,A,2020-01-02 05:25:00
1733,B,2020-01-02 06:12:00
1733,C,2020-01-02 11:35:00
1734,A,2020-01-01 13:10:00
1734,B,2020-01-01 13:17:00
1734,C,2020-01-01 18:41:00
1735,E,2020-01-01 10:20:00
1735,C,2020-01-02 16:14:00
1735,A,2020-01-03 09:20:00
1736,A,2020-01-01 23:06:00
1736,E,2020-01-01 23:34:00
1736,C,2020-01-03 09:09:00
1736,A,2020-01-04 02:12:00
1737,E,2020-01-01 17:23:00
1737,C,2020-01-02 13:47:00
1737,A,2020-01-03 06:50:00
1738,B,2020-01-01 20:01:00
1738,D,2020-01-01 21:06:00
1738,A,2020-01-01 23:04:00
1739,E,2020-01-01 18:36:00
1739,C,2020-01-03 01:00:00
1739,A,2020-01-03 18:04:00
1740,A,2020-01-01 23:26:00
1740,E,2020-01-01 23:56:00
1740,C,2020-01-02 18:43:00
1741,A,2020-01-01 09:57:00
1741,B,2020-01-01 10:17:00
1741,C,2020-01-01 15:41:00
1742,E,2020-01-01 17:48:00
1742,C,2020-01-03 07:43:00
1742,A,2020-01-04 00:52:00
1743,B,2020-01-02 06:01:00
1743,C,2020-01-02 12:18:00
1744,B,2020-01-02 05:01:00
1744,D,2020-01-02 06:05:00
1744,A,2020-01-02 08:04:00
1744,C,2020-01-02 11:35:00
1745,B,2020-01-01 23:48:00
1745,D,2020-01-02 00:52:00
1745,A,2020-01-02 02:52:00
1746,A,2020-01-01 23:22:00
1746,B,2020-01-01 23:27:00
1746,D,2020-01-02 01:15:00
1746,C,2020-01-02 04:55:00
1747,E,2020-01-01 18:59:00
1747,C,2020-01-02 06:23:00
1747,A,2020-01-02 23:31:00
1748,A,2020-01-02 01:07:00
1748,B,2020-01-02 01:19:00
1748,D,2020-01-02 03:06:00
1748,C,2020-01-02 06:47:00
1749,A,2020-01-01 10:07:00
1749,B,2020-01-01 10:23:00
1749,D,2020-01-01 12:10:00
1749,C,2020-01-01 15:56:00
1750,A,2020-01-01 11:32:00
1750,B,2020-01-01 11:40:00
1750,D,2020-01-01 13:26:00
1750,C,2020-01-01 17:03:00
1751,A,2020-01-01 10:53:00
1751,B,2020-01-01 11:18:00
1751,D,2020-01-01 13:05:00
1751,C,2020-01-01 16:51:00
1752,A,2020-01-01 09:21:00
1752,B,2020-01-01 09:43:00
1752,D,2020-01-01 11:28:00
1752,C,2020-01-01 14:59:00
1753,B,2020-01-01 22:57:00
1753,C,2020-01-02 05:13:00
1754,A,2020-01-02 01:54:00
1754,E,2020-01-02 02:24:00
1754,C,2020-01-02 20:36:00
1754,A,2020-01-03 13:38:00
1755,A,2020-01-01 20:26:00
1755,E,2020-01-01 20:55:00
1755,C,2020-01-02 17:00:00
1755,A,2020-01-03 10:03:00
1756,A,2020-01-01 17:40:00
1756,E,2020-01-01 18:09:00
1756,C,2020-01-02 02:08:00
1756,A,2020-01-02 19:07:00
1757,B,2020-01-01 22:00:00
1757,D,2020-01-01 23:04:00
1757,A,2020-01-02 01:05:00
1757,C,2020-01-02 04:46:00
1758,A,2020-01-02 07:11:00
1758,E,2020-01-02 07:41:00
1758,C,2020-01-03 07:02:00
1759,A,2020-01-02 05:33:00
1759,E,2020-01-02 06:01:00
1759,C,2020-01-02 08:17:00
1759,A,2020-01-03 01:22:00
1760,A,2020-01-01 10:15:00
1760,B,2020-01-01 10:35:00
1760,C,2020-01-01 15:59:00
1761,B,2020-01-01 11:17:00
1761,C,2020-01-01 17:36:00
1762,A,2020-01-01 17:42:00
1762,E,2020-01-01 18:10:00
1762,C,2020-01-03 09:47:00
1762,A,2020-01-04 02:40:00
1763,B,2020-01-02 06:29:00
1763,D,2020-01-02 07:33:00
1763,A,2020-01-02 09:33:00
1763,C,2020-01-02 13:19:00
1764,E,2020-01-01 19:24:00
1764,C,2020-01-03 03:52:00
1764,A,2020-01-03 20:54:00
1765,B,2020-01-02 03:54:00
1765,D,2020-01-02 04:57:00
1765,A,2020-01-02 06:56:00
1765,C,2020-01-02 10:24:00
1766,B,2020-01-01 19:58:00
1766,C,2020-01-02 02:16:00
1767,A,2020-01-02 06:24:00
1767,B,2020-01-02 06:47:00
1767,D,2020-01-02 08:34:00
1767,C,2020-01-02 12:23:00
1768,E,2020-01-01 12:25:00
1768,C,2020-01-02 17:17:00
1768,A,2020-01-03 10:26:00
1769,B,2020-01-01 18:36:00
1769,D,2020-01-01 19:40:00
1769,A,2020-01-01 21:39:00
1769,C,2020-01-02 01:47:00
1770,A,2020-01-02 05:58:00
1770,B,2020-01-02 06:44:00
1770,C,2020-01-02 12:08:00
1771,B,2020-01-01 12:24:00
1771,D,2020-01-01 13:27:00
1771,A,2020-01-01 15:26:00
1772,A,2020-01-02 06:04:00
1772,E,2020-01-02 06:33:00
1772,C,2020-01-03 14:26:00
1772,A,2020-01-04 07:26:00
1773,E,2020-01-02 01:22:00
1773,C,2020-01-03 14:47:00
1773,A,2020-01-04 07:46:00
1774,B,2020-01-01 08:41:00
1774,D,2020-01-01 09:45:00
1774,A,2020-01-01 11:46:00
1774,C,2020-01-01 15:25:00
1775,A,2020-01-01 18:33:00
1775,B,2020-01-01 19:21:00
1775,D,2020-01-01 21:10:00
1775,C,2020-01-02 01:01:00
1776,A,2020-01-01 15:19:00
1776,E,2020-01-01 15:47:00
1776,C,2020-01-02 19:25:00
1776,A,2020-01-03 12:29:00
1777,B,2020-01-02 00:39:00
1777,D,2020-01-02 01:42:00
1777,A,2020-01-02 03:42:00
1777,C,2020-01-02 07:07:00
1778,B,2020-01-01 15:45:00
1778,D,2020-01-01 16:50:00
1778,A,2020-01-01 18:52:00
1778,C,2020-01-01 22:45:00
1779,B,2020-01-01 13:20:00
1779,C,2020-01-01 19:38:00
1780,E,2020-01-01 18:06:00
1780,C,2020-01-01 18:46:00
1780,A,2020-01-02 11:56:00
1781,B,2020-01-02 01:20:00
1781,D,2020-01-02 02:24:00
1781,A,2020-01-02 04:23:00
1782,B,2020-01-02 06:36:00
1782,C,2020-01-02 12:54:00
1783,B,2020-01-02 05:07:00
1783,C,2020-01-02 11:24:00
1784,B,2020-01-02 04:27:00
1784,C,2020-01-02 10:44:00
1785,A,2020-01-01 13:17:00
1785,B,2020-01-01 13:45:00
1785,C,2020-01-01 19:09:00
1786,B,2020-01-01 14:11:00
1786,C,2020-01-01 20:28:00
1787,B,2020-01-01 22:57:00
1787,D,2020-01-02 00:04:00
1787,A,2020-01-02 02:04:00
1788,B,2020-01-01 22:05:00
1788,D,2020-01-01 23:10:00
1788,A,2020-01-02 01:09:00
1788,C,2020-01-02 05:15:00
1789,A,2020-01-02 07:06:00
1789,B,2020-01-02 07:21:00
1789,D,2020-01-02 09:08:00
1789,C,2020-01-02 13:07:00
1790,A,2020-01-01 23:10:00
1790,B,2020-01-01 23:11:00
1790,C,2020-01-02 04:37:00
1791,A,2020-01-01 23:20:00
1791,E,2020-01-01 23:48:00
1791,C,2020-01-02 03:19:00
1791,A,2020-01-02 20:16:00
1792,B,2020-01-02 02:15:00
1792,C,2020-01-02 08:32:00
1793,A,2020-01-01 18:34:00
1793,B,2020-01-01 18:45:00
1793,C,2020-01-02 00:10:00
1794,B,2020-01-01 14:39:00
1794,C,2020-01-01 20:56:00
1795,A,2020-01-02 07:10:00
1795,B,2020-01-02 07:42:00
1795,C,2020-01-02 13:07:00
1796,A,2020-01-01 23:46:00
1796,B,2020-01-02 00:31:00
1796,D,2020-01-02 02:16:00
1796,C,2020-01-02 06:03:00
1797,A,2020-01-01 21:03:00
1797,B,2020-01-01 21:11:00
1797,C,2020-01-02 02:35:00
1798,B,2020-01-01 13:32:00
1798,D,2020-01-01 14:35:00
1798,A,2020-01-01 16:34:00
1798,C,2020-01-01 20:14:00
1799,A,2020-01-02 04:39:00
1799,E,2020-01-02 05:07:00
1799,C,2020-01-02 13:39:00
1799,A,2020-01-03 06:38:00
1800,B,2020-01-01 16:33:00
1800,C,2020-01-01 22:49:00
1801,A,2020-01-02 05:54:00
1801,B,2020-01-02 06:03:00
1801,C,2020-01-02 11:28:00
1802,A,2020-01-01 20:41:00
1802,B,2020-01-01 21:04:00
1802,C,2020-01-02 02:30:00
1803,A,2020-01-02 01:37:00
1803,E,2020-01-02 02:06:00
1803,C,2020-01-02 05:53:00
1804,E,2020-01-01 17:45:00
1804,C,2020-01-02 17:00:00
1804,A,2020-01-03 09:56:00
1805,B,2020-01-01 13:32:00
1805,D,2020-01-01 14:38:00
1805,A,2020-01-01 16:38:00
1805,C,2020-01-01 20:35:00
1806,E,2020-01-01 23:21:00
1806,C,2020-01-02 12:22:00
1806,A,2020-01-03 05:15:00
1807,B,2020-01-01 22:57:00
1807,D,2020-01-02 00:02:00
1807,A,2020-01-02 02:01:00
1808,A,2020-01-01 15:35:00
1808,E,2020-01-01 16:03:00
1808,C,2020-01-02 14:58:00
1808,A,2020-01-03 08:03:00
1809,A,2020-01-01 19:56:00
1809,B,2020-01-01 20:19:00
1809,D,2020-01-01 22:04:00
1810,B,2020-01-01 22:12:00
1810,C,2020-01-02 04:31:00
1811,A,2020-01-01 21:32:00
1811,B,2020-01-01 21:44:00
1811,C,2020-01-02 03:08:00
1812,B,2020-01-01 16:03:00
1812,C,2020-01-01 22:18:00
1813,B,2020-01-01 10:49:00
1813,C,2020-01-01 17:07:00
1814,A,2020-01-01 15:40:00
1814,B,2020-01-01 16:11:00
1814,D,2020-01-01 17:59:00
1815,A,2020-01-01 18:53:00
1815,E,2020-01-01 19:22:00
1815,C,2020-01-03 16:05:00
1816,A,2020-01-02 06:12:00
1816,E,2020-01-02 06:40:00
1816,C,2020-01-02 17:42:00
1816,A,2020-01-03 10:46:00
1817,E,2020-01-01 13:00:00
1817,C,2020-01-03 01:47:00
1817,A,2020-01-03 18:45:00
1818,B,2020-01-01 09:22:00
1818,D,2020-01-01 10:27:00
1818,A,2020-01-01 12:25:00
1818,C,2020-01-01 16:26:00
1819,B,2020-01-02 00:08:00
1819,D,2020-01-02 01:13:00
1819,A,2020-01-02 03:11:00
1819,C,2020-01-02 06:45:00
1820,A,2020-01-02 00:01:00
1820,E,2020-01-02 00:32:00
1820,C,2020-01-02 17:36:00
1820,A,2020-01-03 10:37:00
1821,B,2020-01-02 05:03:00
1821,D,2020-01-02 06:05:00
1821,A,2020-01-02 08:06:00
1822,A,2020-01-01 10:43:00
1822,B,2020-01-01 10:54:00
1822,D,2020-01-01 12:41:00
1823,E,2020-01-01 16:45:00
1823,C,2020-01-01 22:30:00
1823,A,2020-01-02 15:32:00
1824,A,2020-01-01 13:07:00
1824,E,2020-01-01 13:36:00
1824,C,2020-01-02 18:58:00
1824,A,2020-01-03 12:10:00
1825,A,2020-01-01 11:48:00
1825,B,2020-01-01 12:27:00
1825,D,2020-01-01 14:15:00
1825,C,2020-01-01 18:05:00
1826,B,2020-01-01 16:08:00
1826,D,2020-01-01 17:13:00
1826,A,2020-01-01 19:12:00
1826,C,2020-01-01 22:34:00
1827,E,2020-01-01 12:10:00
1827,C,2020-01-02 17:51:00
1827,A,2020-01-03 10:49:00
1828,A,2020-01-01 16:09:00
1828,B,2020-01-01 16:24:00
1828,C,2020-01-01 21:49:00
1829,A,2020-01-02 05:49:00
1829,B,2020-01-02 06:09:00
1829,C,2020-01-02 11:34:00
1830,A,2020-01-01 10:09:00
1830,E,2020-01-01 10:40:00
1830,C,2020-01-02 02:40:00
1831,A,2020-01-02 01:04:00
1831,B,2020-01-02 01:21:00
1831,C,2020-01-02 06:46:00
1832,B,2020-01-02 05:37:00
1832,D,2020-01-02 06:40:00
1832,A,2020-01-02 08:40:00
1832,C,2020-01-02 12:22:00
1833,A,2020-01-01 12:55:00
1833,B,2020-01-01 13:28:00
1833,D,2020-01-01 15:14:00
1833,C,2020-01-01 19:00:00
1834,A,2020-01-01 22:40:00
1834,B,2020-01-01 22:53:00
1834,C,2020-01-02 04:18:00
1835,A,2020-01-02 05:00:00
1835,B,2020-01-02 05:34:00
1835,D,2020-01-02 07:20:00
1835,C,2020-01-02 11:31:00
1836,B,2020-01-01 16:13:00
1836,C,2020-01-01 22:29:00
1837,E,2020-01-01 14:24:00
1837,C,2020-01-02 04:40:00
1837,A,2020-01-02 21:45:00
1838,A,2020-01-02 01:53:00
1838,B,2020-01-02 02:25:00
1838,C,2020-01-02 07:49:00
1839,B,2020-01-01 10:19:00
1839,C,2020-01-01 16:35:00
1840,B,2020-01-01 21:21:00
1840,C,2020-01-02 03:39:00
1841,B,2020-01-01 09:31:00
1841,C,2020-01-01 15:48:00
1842,A,2020-01-01 20:45:00
1842,E,2020-01-01 21:15:00
1842,C,2020-01-02 15:57:00
1842,A,2020-01-03 08:56:00
1843,E,2020-01-01 08:34:00
1843,C,2020-01-02 17:04:00
1843,A,2020-01-03 10:06:00
1844,B,2020-01-01 10:19:00
1844,C,2020-01-01 16:36:00
1845,A,2020-01-01 16:14:00
1845,B,2020-01-01 16:33:00
1845,D,2020-01-01 18:20:00
1846,B,2020-01-02 03:52:00
1846,C,2020-01-02 10:11:00
1847,B,2020-01-01 12:36:00
1847,C,2020-01-01 18:53:00
1848,A,2020-01-01 20:02:00
1848,B,2020-01-01 20:12:00
1848,C,2020-01-02 01:36:00
1849,A,2020-01-02 05:57:00
1849,B,2020-01-02 06:06:00
1849,D,2020-01-02 07:53:00
1849,C,2020-01-02 11:18:00
1850,B,2020-01-02 07:24:00
1850,C,2020-01-02 13:40:00
1851,A,2020-01-02 07:45:00
1851,E,2020-01-02 08:13:00
1851,C,2020-01-03 17:35:00
1851,A,2020-01-04 10:34:00
1852,A,2020-01-02 05:34:00
1852,B,2020-01-02 05:54:00
1852,C,2020-01-02 11:17:00
1853,B,2020-01-01 12:38:00
1853,C,2020-01-01 18:55:00
1854,B,2020-01-01 23:38:00
1854,C,2020-01-02 05:55:00
1855,B,2020-01-01 18:02:00
1855,D,2020-01-01 19:05:00
1855,A,2020-01-01 21:03:00
1855,C,2020-01-02 00:52:00
1856,B,2020-01-01 09:31:00
1856,D,2020-01-01 10:34:00
1856,A,2020-01-01 12:33:00
1856,C,2020-01-01 16:42:00
1857,A,2020-01-01 09:26:00
1857,E,2020-01-01 09:56:00
1857,C,2020-01-02 03:32:00
1857,A,2020-01-02 20:31:00
1858,A,2020-01-01 18:36:00
1858,B,2020-01-01 18:49:00
1858,C,2020-01-02 00:13:00
1859,E,2020-01-02 02:35:00
1859,C,2020-01-02 18:07:00
1859,A,2020-01-03 10:59:00
1860,A,2020-01-01 16:39:00
1860,B,2020-01-01 17:03:00
1860,C,2020-01-01 22:25:00
1861,A,2020-01-02 06:05:00
1861,B,2020-01-02 06:30:00
1861,D,2020-01-02 08:18:00
1861,C,2020-01-02 12:11:00
1862,E,2020-01-01 17:46:00
1862,C,2020-01-02 06:45:00
1862,A,2020-01-02 23:48:00
1863,E,2020-01-01 09:38:00
1863,C,2020-01-02 21:55:00
1863,A,2020-01-03 14:56:00
1864,A,2020-01-01 17:20:00
1864,B,2020-01-01 17:36:00
1864,C,2020-01-01 23:00:00
1865,E,2020-01-01 20:34:00
1865,C,2020-01-02 17:02:00
1865,A,2020-01-03 10:02:00
1866,B,2020-01-01 21:42:00
1866,D,2020-01-01 22:45:00
1866,A,2020-01-02 00:44:00
1866,C,2020-01-02 04:19:00
1867,E,2020-01-01 21:12:00
1867,C,2020-01-02 20:46:00
1867,A,2020-01-03 13:50:00
1868,A,2020-01-01 14:23:00
1868,B,2020-01-01 14:38:00
1868,C,2020-01-01 20:03:00
1869,A,2020-01-02 07:38:00
1869,E,2020-01-02 08:06:00
1869,C,2020-01-03 08:25:00
1869,A,2020-01-04 01:27:00
1870,B,2020-01-01 20:33:00
1870,C,2020-01-02 02:49:00
1871,B,2020-01-01 10:53:00
1871,D,2020-01-01 11:57:00
1871,A,2020-01-01 13:57:00
1871,C,2020-01-01 17:26:00
1872,B,2020-01-01 10:42:00
1872,C,2020-01-01 17:01:00
1873,B,2020-01-02 04:34:00
1873,C,2020-01-02 10:51:00
1874,B,2020-01-02 02:39:00
1874,D,2020-01-02 03:44:00
1874,A,2020-01-02 05:43:00
1874,C,2020-01-02 09:20:00
1875,A,2020-01-01 18:58:00
1875,B,2020-01-01 19:11:00
1875,D,2020-01-01 20:58:00
1876,B,2020-01-01 10:45:00
1876,C,2020-01-01 17:00:00
1877,A,2020-01-02 06:34:00
1877,B,2020-01-02 06:45:00
1877,D,2020-01-02 08:32:00
1877,C,2020-01-02 12:20:00
1878,A,2020-01-01 18:28:00
1878,B,2020-01-01 18:54:00
1878,C,2020-01-02 00:19:00
1879,A,2020-01-02 04:35:00
1879,B,2020-01-02 05:05:00
1879,D,2020-01-02 06:51:00
1879,C,2020-01-02 10:28:00
1880,A,2020-01-01 13:42:00
1880,B,2020-01-01 13:51:00
1880,D,2020-01-01 15:37:00
1880,C,2020-01-01 19:25:00
1881,B,2020-01-01 20:01:00
1881,C,2020-01-02 02:19:00
1882,A,2020-01-01 09:27:00
1882,E,2020-01-01 09:57:00
1882,C,2020-01-01 12:22:00
1882,A,2020-01-02 05:25:00
1883,A,2020-01-02 05:00:00
1883,E,2020-01-02 05:28:00
1883,C,2020-01-02 06:57:00
1883,A,2020-01-03 00:03:00
1884,E,2020-01-01 17:23:00
1884,C,2020-01-01 22:30:00
1884,A,2020-01-02 15:24:00
1885,E,2020-01-01 10:35:00
1885,C,2020-01-02 17:38:00
1885,A,2020-01-03 10:44:00
1886,A,2020-01-01 20:25:00
1886,B,2020-01-01 20:39:00
1886,D,2020-01-01 22:26:00
1886,C,2020-01-02 02:18:00
1887,A,2020-01-01 09:04:00
1887,B,2020-01-01 09:12:00
1887,D,2020-01-01 10:58:00
1887,C,2020-01-01 14:33:00
1888,B,2020-01-02 04:45:00
1888,D,2020-01-02 05:50:00
1888,A,2020-01-02 07:50:00
1888,C,2020-01-02 11:18:00
1889,A,2020-01-01 09:12:00
1889,B,2020-01-01 09:19:00
1889,D,2020-01-01 11:05:00
1889,C,2020-01-01 15:05:00
1890,B,2020-01-01 10:18:00
1890,C,2020-01-01 16:35:00
1891,E,2020-01-02 06:03:00
1891,C,2020-01-03 04:05:00
1891,A,2020-01-03 21:08:00
1892,B,2020-01-01 20:23:00
1892,C,2020-01-02 02:40:00
1893,B,2020-01-02 03:22:00
1893,D,2020-01-02 04:26:00
1893,A,2020-01-02 06:26:00
1894,B,2020-01-02 04:44:00
1894,D,2020-01-02 05:50:00
1894,A,2020-01-02 07:50:00
1894,C,2020-01-02 11:46:00
1895,A,2020-01-02 07:11:00
1895,E,2020-01-02 07:42:00
1895,C,2020-01-03 11:15:00
1895,A,2020-01-04 04:11:00
1896,A,2020-01-01 20:40:00
1896,E,2020-01-01 21:09:00
1896,C,2020-01-01 22:09:00
1896,A,2020-01-02 15:11:00
1897,B,2020-01-01 23:11:00
1897,C,2020-01-02 05:31:00
1898,A,2020-01-02 03:36:00
1898,E,2020-01-02 04:04:00
1898,C,2020-01-02 05:23:00
1898,A,2020-01-02 22:27:00
1899,A,2020-01-02 02:05:00
1899,B,2020-01-02 02:13:00
1899,C,2020-01-02 07:37:00
1900,A,2020-01-01 21:36:00
1900,E,2020-01-01 22:05:00
1900,C,2020-01-02 19:42:00
1900,A,2020-01-03 12:50:00
1901,B,2020-01-02 06:11:00
1901,D,2020-01-02 07:14:00
1901,A,2020-01-02 09:13:00
1901,C,2020-01-02 13:04:00
1902,A,2020-01-01 16:32:00
1902,E,2020-01-01 17:01:00
1902,C,2020-01-02 02:00:00
1903,E,2020-01-01 08:54:00
1903,C,2020-01-02 14:53:00
1903,A,2020-01-03 07:55:00
1904,A,2020-01-02 01:03:00
1904,B,2020-01-02 01:29:00
1904,D,2020-01-02 03:15:00
1904,C,2020-01-02 07:00:00
1905,B,2020-01-02 03:11:00
1905,D,2020-01-02 04:16:00
1905,A,2020-01-02 06:18:00
1906,A,2020-01-01 16:57:00
1906,B,2020-01-01 17:26:00
1906,C,2020-01-01 22:51:00
1907,B,2020-01-01 23:15:00
1907,C,2020-01-02 05:34:00
1908,A,2020-01-02 04:54:00
1908,B,2020-01-02 05:03:00
1908,C,2020-01-02 10:29:00
1909,A,2020-01-02 07:42:00
1909,B,2020-01-02 07:43:00
1909,D,2020-01-02 09:29:00
1909,C,2020-01-02 13:16:00
1910,B,2020-01-01 14:50:00
1910,D,2020-01-01 15:56:00
1910,A,2020-01-01 17:56:00
1911,B,2020-01-01 12:38:00
1911,C,2020-01-01 18:56:00
1912,A,2020-01-01 23:26:00
1912,E,2020-01-01 23:56:00
1912,C,2020-01-02 14:52:00
1912,A,2020-01-03 07:50:00
1913,B,2020-01-01 23:12:00
1913,C,2020-01-02 05:30:00
1914,A,2020-01-02 07:17:00
1914,B,2020-01-02 07:57:00
1914,C,2020-01-02 13:21:00
1915,B,2020-01-02 06:48:00
1915,D,2020-01-02 07:53:00
1915,A,2020-01-02 09:52:00
1915,C,2020-01-02 14:05:00
1916,B,2020-01-01 10:13:00
1916,D,2020-01-01 11:18:00
1916,A,2020-01-01 13:17:00
1916,C,2020-01-01 17:19:00
1917,A,2020-01-01 18:15:00
1917,B,2020-01-01 18:23:00
1917,D,2020-01-01 20:10:00
1917,C,2020-01-01 23:43:00
1918,B,2020-01-02 07:56:00
1918,C,2020-01-02 14:12:00
1919,B,2020-01-01 20:21:00
1919,D,2020-01-01 21:24:00
1919,A,2020-01-01 23:22:00
1919,C,2020-01-02 03:24:00
1920,E,2020-01-01 12:09:00
1920,C,2020-01-02 05:09:00
1920,A,2020-01-02 22:09:00
1921,E,2020-01-01 12:45:00
1921,C,2020-01-02 10:31:00
1921,A,2020-01-03 03:31:00
1922,A,2020-01-02 00:53:00
1922,B,2020-01-02 01:09:00
1922,C,2020-01-02 06:34:00
1923,A,2020-01-01 20:20:00
1923,B,2020-01-01 20:23:00
1923,C,2020-01-02 01:47:00
1924,A,2020-01-01 23:58:00
1924,E,2020-01-02 00:27:00
1924,C,2020-01-03 02:01:00
1924,A,2020-01-03 19:07:00
1925,A,2020-01-02 04:54:00
1925,B,2020-01-02 05:39:00
1925,D,2020-01-02 07:25:00
1926,B,2020-01-01 10:15:00
1926,C,2020-01-01 16:31:00
1927,E,2020-01-01 21:36:00
1927,C,2020-01-03 11:45:00
1927,A,2020-01-04 04:46:00
1928,B,2020-01-02 01:57:00
1928,C,2020-01-02 08:12:00
1929,B,2020-01-01 21:59:00
1929,C,2020-01-02 04:15:00
1930,A,2020-01-01 12:17:00
1930,B,2020-01-01 12:47:00
1930,D,2020-01-01 14:33:00
1930,C,2020-01-01 18:27:00
1931,A,2020-01-02 05:56:00
1931,B,2020-01-02 06:18:00
1931,C,2020-01-02 11:43:00
1932,A,2020-01-01 23:22:00
1932,E,2020-01-01 23:53:00
1932,C,2020-01-02 11:50:00
1932,A,2020-01-03 04:58:00
1933,E,2020-01-02 07:14:00
1933,C,2020-01-02 20:57:00
1933,A,2020-01-03 13:53:00
1934,E,2020-01-01 12:23:00
1934,C,2020-01-01 14:56:00
1934,A,2020-01-02 07:55:00
1935,B,2020-01-01 12:25:00
1935,C,2020-01-01 18:41:00
1936,A,2020-01-02 01:10:00
1936,B,2020-01-02 01:32:00
1936,D,2020-01-02 03:18:00
1937,A,2020-01-01 12:15:00
1937,B,2020-01-01 12:37:00
1937,C,2020-01-01 18:02:00
1938,B,2020-01-01 18:23:00
1938,D,2020-01-01 19:28:00
1938,A,2020-01-01 21:28:00
1938,C,2020-01-02 00:55:00
1939,A,2020-01-01 13:32:00
1939,B,2020-01-01 13:57:00
1939,C,2020-01-01 19:22:00
1940,B,2020-01-01 15:42:00
1940,C,2020-01-01 21:59:00
1941,A,2020-01-02 01:43:00
1941,B,2020-01-02 02:00:00
1941,C,2020-01-02 07:26:00
1942,E,2020-01-01 10:43:00
1942,C,2020-01-02 15:59:00
1942,A,2020-01-03 09:03:00
1943,A,2020-01-01 14:43:00
1943,B,2020-01-01 15:05:00
1943,C,2020-01-01 20:29:00
1944,B,2020-01-01 12:18:00
1944,D,2020-01-01 13:22:00
1944,A,2020-01-01 15:22:00
1944,C,2020-01-01 19:14:00
1945,A,2020-01-02 04:59:00
1945,E,2020-01-02 05:26:00
1945,C,2020-01-03 11:47:00
1946,A,2020-01-02 01:10:00
1946,E,2020-01-02 01:39:00
1946,C,2020-01-03 04:58:00
1946,A,2020-01-03 21:54:00
1947,B,2020-01-02 04:13:00
1947,D,2020-01-02 05:19:00
1947,A,2020-01-02 07:18:00
1947,C,2020-01-02 11:19:00
1948,B,2020-01-01 13:52:00
1948,C,2020-01-01 20:10:00
1949,E,2020-01-02 03:16:00
1949,C,2020-01-02 07:43:00
1949,A,2020-01-03 00:46:00
1950,A,2020-01-01 08:59:00
1950,B,2020-01-01 09:12:00
1950,C,2020-01-01 14:37:00
1951,B,2020-01-01 09:34:00
1951,C,2020-01-01 15:51:00
1952,A,2020-01-02 06:14:00
1952,B,2020-01-02 06:44:00
1952,D,2020-01-02 08:30:00
1952,C,2020-01-02 12:15:00
1953,A,2020-01-02 03:32:00
1953,B,2020-01-02 04:04:00
1953,C,2020-01-02 09:28:00
1954,A,2020-01-02 05:06:00
1954,B,2020-01-02 05:33:00
1954,C,2020-01-02 10:57:00
1955,A,2020-01-02 01:00:00
1955,B,2020-01-02 01:25:00
1955,C,2020-01-02 06:49:00
1956,B,2020-01-02 05:57:00
1956,C,2020-01-02 12:16:00
1957,B,2020-01-02 00:33:00
1957,D,2020-01-02 01:39:00
1957,A,2020-01-02 03:37:00
1957,C,2020-01-02 07:21:00
1958,A,2020-01-02 07:23:00
1958,E,2020-01-02 07:53:00
1958,C,2020-01-02 17:56:00
1958,A,2020-01-03 10:55:00
1959,B,2020-01-01 18:10:00
1959,C,2020-01-02 00:28:00
1960,A,2020-01-01 10:30:00
1960,B,2020-01-01 11:08:00
1960,D,2020-01-01 12:54:00
1961,B,2020-01-01 13:24:00
1961,C,2020-01-01 19:41:00
1962,B,2020-01-01 22:12:00
1962,D,2020-01-01 23:17:00
1962,A,2020-01-02 01:16:00
1962,C,2020-01-02 05:14:00
1963,B,2020-01-01 23:52:00
1963,C,2020-01-02 06:09:00
1964,A,2020-01-01 19:37:00
1964,B,2020-01-01 20:02:00
1964,C,2020-01-02 01:25:00
1965,A,2020-01-01 18:41:00
1965,B,2020-01-01 19:12:00
1965,C,2020-01-02 00:35:00
1966,A,2020-01-01 19:48:00
1966,B,2020-01-01 20:17:00
1966,D,2020-01-01 22:04:00
1966,C,2020-01-02 01:45:00
1967,A,2020-01-01 12:28:00
1967,E,2020-01-01 12:59:00
1967,C,2020-01-03 09:06:00
1967,A,2020-01-04 02:07:00
1968,B,2020-01-02 01:38:00
1968,D,2020-01-02 02:43:00
1968,A,2020-01-02 04:41:00
1969,B,2020-01-01 18:54:00
1969,D,2020-01-01 19:59:00
1969,A,2020-01-01 21:58:00
1969,C,2020-01-02 01:47:00
1970,E,2020-01-01 23:56:00
1970,C,2020-01-03 01:38:00
1970,A,2020-01-03 18:39:00
1971,A,2020-01-01 17:08:00
1971,B,2020-01-01 17:25:00
1971,C,2020-01-01 22:49:00
1972,A,2020-01-01 16:28:00
1972,B,2020-01-01 17:03:00
1972,C,2020-01-01 22:27:00
1973,A,2020-01-01 11:19:00
1973,E,2020-01-01 11:48:00
1973,C,2020-01-02 16:52:00
1974,A,2020-01-01 17:55:00
1974,E,2020-01-01 18:26:00
1974,C,2020-01-02 07:18:00
1974,A,2020-01-03 00:14:00
1975,A,2020-01-02 05:01:00
1975,B,2020-01-02 05:17:00
1975,C,2020-01-02 10:42:00
1976,A,2020-01-01 16:29:00
1976,E,2020-01-01 16:59:00
1976,C,2020-01-02 20:59:00
1976,A,2020-01-03 14:10:00
1977,E,2020-01-01 19:11:00
1977,C,2020-01-02 23:57:00
1977,A,2020-01-03 17:01:00
1978,B,2020-01-01 14:29:00
1978,D,2020-01-01 15:35:00
1978,A,2020-01-01 17:36:00
1978,C,2020-01-01 20:48:00
1979,B,2020-01-02 01:01:00
1979,C,2020-01-02 07:18:00
1980,B,2020-01-02 01:02:00
1980,C,2020-01-02 07:19:00
1981,A,2020-01-02 00:59:00
1981,B,2020-01-02 01:03:00
1981,C,2020-01-02 06:27:00
1982,A,2020-01-01 11:05:00
1982,B,2020-01-01 11:19:00
1982,C,2020-01-01 16:44:00
1983,E,2020-01-02 01:17:00
1983,C,2020-01-03 23:36:00
1983,A,2020-01-04 16:41:00
1984,B,2020-01-01 16:15:00
1984,C,2020-01-01 22:33:00
1985,A,2020-01-02 03:55:00
1985,E,2020-01-02 04:23:00
1985,C,2020-01-02 19:36:00
1985,A,2020-01-03 12:39:00
1986,E,2020-01-01 09:41:00
1986,C,2020-01-02 16:25:00
1986,A,2020-01-03 09:28:00
1987,E,2020-01-01 17:37:00
1987,C,2020-01-02 05:25:00
1987,A,2020-01-02 22:25:00
1988,A,2020-01-02 04:24:00
1988,E,2020-01-02 04:54:00
1988,C,2020-01-02 11:14:00
1988,A,2020-01-03 04:09:00
1989,B,2020-01-01 17:48:00
1989,C,2020-01-02 00:06:00
1990,A,2020-01-01 11:41:00
1990,B,2020-01-01 11:59:00
1990,C,2020-01-01 17:24:00
1991,B,2020-01-01 12:37:00
1991,D,2020-01-01 13:39:00
1991,A,2020-01-01 15:39:00
1991,C,2020-01-01 19:39:00
1992,E,2020-01-01 20:30:00
1992,C,2020-01-02 21:37:00
1992,A,2020-01-03 14:31:00
1993,E,2020-01-01 20:30:00
1993,C,2020-01-02 07:09:00
1993,A,2020-01-03 00:13:00
1994,A,2020-01-01 21:41:00
1994,E,2020-01-01 22:09:00
1994,C,2020-01-02 19:34:00
1995,A,2020-01-02 03:28:00
1995,B,2020-01-02 03:47:00
1995,C,2020-01-02 09:12:00
1996,A,2020-01-01 20:23:00
1996,B,2020-01-01 20:27:00
1996,C,2020-01-02 01:51:00
1997,B,2020-01-01 10:34:00
1997,D,2020-01-01 11:40:00
1997,A,2020-01-01 13:39:00
1997,C,2020-01-01 17:33:00
1998,A,2020-01-02 01:13:00
1998,E,2020-01-02 01:41:00
1998,C,2020-01-03 03:23:00
1998,A,2020-01-03 20:24:00
1999,B,2020-01-02 02:49:00
1999,D,2020-01-02 03:54:00
1999,A,2020-01-02 05:55:00
1999,C,2020-01-02 09:58:00
